序号,题干,选项,来源,同一题干条数,记录ID,图片(待填路径),备注
1,这个标志是何含义？,提醒车辆驾驶人前方道路沿水库、湖泊、河流 | 提醒车辆驾驶人前方有向下的陡坡路段 | 提醒车辆驾驶人前方有向上的陡坡路段 | 提醒车辆驾驶人前方有两个及以上的连续上坡路段,残缺队列+题库缺图,236,"q_bniAeDtHp6B1,qi_item_y7HD9BOCRPGH",,
2,这个标志是何含义？,货车靠右行驶 | 禁止货车通行 | 指示大型货车靠右行驶 | 指示货车靠右行驶,题库缺图,236,q_-WdsdNFeLYDN,,
3,这个标志是何含义？,公交 | 出租车专用停车位 | 公交车专用停车位 | 校车专用停车位,题库缺图,236,q_aH8FSKnMVQgb,,
4,这个标志是何含义？,快速公交 | 公交车专用车道 | 快速公交系统（BRT）车辆专用车道 | 大型客车专用车道,题库缺图,236,q_SqG3m16pk6uC,,
5,这个标志是何含义？,电子收费ETC | 高速公路ETC车道指引 | 高速公路领卡车道指引 | 高速公路缴费车道指引,题库缺图,236,q_Rg1WjPWgrQr6,,
6,这个标志是何含义？,天目湖 | 高速公路收费站预告 | 高速公路服务区预告 | 高速公路避险处预告,题库缺图,236,q_DwFty13GG1ge,,
7,这个标志是何含义？,60km/h | 高速公路特殊天气最高速度 | 高速公路特殊天气建议速度 | 高速公路特殊天气最低速度,题库缺图,236,q_PxObAwd8OzrL,,
8,这个标志是何含义？,国家高速G15 | 高速公路起点 | 高速公路出口 | 高速公路入口,题库缺图,236,q_BzQLgBeP6KBs,,
9,这个标志是何含义？,休息区 | 停车场 | 观景台 | 服务区,残缺队列+题库缺图,236,"q_Ost1vm0kzzE7,qi_item_fGk6ILLpbwAJ",,
10,这个标志是何含义？,16灵山km | 旅游区类别 | 旅游区距离 | 旅游区方向,题库缺图,236,q_Jinq18MFLh98,,
11,这个标志是何含义？,提醒车辆驾驶人前方有两个及以上的连续上坡路段 | 提醒车辆驾驶人前方有向上的陡坡路段 | 提醒车辆驾驶人前方有向下的陡坡路段 | 提醒车辆驾驶人前方有两个及以上的连续下坡路段,残缺队列+题库缺图,236,"q_j2gUZInlgCTI,qi_item_I2bcyEoDZJ0d",,
12,这个标志是何含义？,马驹桥廊坊大羊坊 | 十字交叉路口告知 | 互通式立体交叉告知 | CY形交叉路口告知,题库缺图,236,q_oKk8AXUJbLXy,,
13,这个标志是何含义？,3 | 解除3米限宽 | B限制高度为3米 | 预告宽度为3米,题库缺图,236,q_TDMuKFdXsP3J,,
14,这个标志是何含义？,悬崖路段 | 注意落石 | 危险路段,题库缺图,236,q_nddbdTmB-jWZ,,
15,这个标志是何含义？,前方左转 | 车道数减少 | 硬路肩允许行驶即将结束 | 分流处,题库缺图,236,q_08kKtXCQJwPg,,
16,这个标志是何含义？,大型货车靠右行驶 | 只允许小型汽车行驶 | 只允许货车通行 | 指示大型货车通行,题库缺图,236,q_ZnLXW9gc26R5,,
17,这个标志是何含义？,指示行人骑行通过 | 指示行人推行通过 | 指示非机动车与行人共享空间通行 | 指示非机动车与行人分开空间通D行,题库缺图,236,q_lwmSrI-OuCFH,,
18,这个标志是何含义？,非机动车车道 | 电动自行车车道 | 非机动车行驶 | 电动自行车行驶,题库缺图,236,q_plonKfWoMhXZ,,
19,这个标志是何含义？,出租车专用车道 | 小型客车车道 | 机动车车道 | 多乘员车辆专用车道,题库缺图,236,q_q5Qfjn28fFW_,,
20,这个标志是何含义？,前方路口不能右转 | 前方路口不能直行 | 前方是十字路口 | 前方路口不能左转,题库缺图,236,q_YpzCEUmt3ihs,,
21,这个标志是何含义？,警告标志 | 禁令标志 | 指示标志 | 指路标志,题库缺图,236,q_rjKqw_6xLqQi,,
22,这个标志是何含义？,对面可能会有来车 | 可直接驶入此路段 | 不准驶入前方路段 | 进入此路段要减速,题库缺图,236,q_yVJYhVASSLr5,,
23,这个标志是何含义？,S203 | 国道编号 | 省道编号 | 县道编号,题库缺图,236,q_9Mpy2d-Vyi6y,,
24,这个标志是何含义？,马驹桥廊坊大羊坊 | ）十字交叉路口告知 | 互通式立体交叉告知 | CY形交叉路口告知,题库缺图,236,q_L6vNtfuXFuNS,,
25,这个标志是何含义？,王平 | 新屿 | 环型交叉路口告知 | ）十字交叉路口告知,题库缺图,236,q_ES_KSlLGwWoB,,
26,这个标志是何含义？,T形交叉路口 | BY形交叉路口 | 十字交叉路口 | 环形交叉路口,题库缺图,236,q_TnZU7VvZPQrD,,
27,这个标志是何含义？,AT形交叉路口 | Y形交叉路口 | 十字交叉路口 | 环形交叉路口,题库缺图,236,q_fEN_yc32Mh2Q,,
28,这个标志是何含义？,提醒车辆驾驶人前方道路沿水A库、湖泊、河流 | 提醒车辆驾驶人前方有向上的陡坡路段 | 提醒车辆驾驶人前方有两个及以上的连续上坡路段 | 提醒车辆驾驶人前方有向下的陡坡路段,题库缺图,236,q_sWuC0pNfkvCe,,
29,这个标志是何含义？,家高速G15 | 汕头深圳 | 入口500m | 高速公路终点预告,题库缺图,236,q_g9x0ZZh8i0Ds,,
30,这个标志是何含义？,检查 | 边防检查 | 禁止通行 | 海关检查,题库缺图,236,q_jArIfz12Nx85,,
31,这个标志是何含义？,40 | 限制40吨轴重 | 限制最高时速40公里 | 前方40米减速,题库缺图,236,q_OWwHPB8JB5-L,,
32,这个标志是何含义？,3.5m | 限制高度为3.5米 | 限制宽度为3.5米 | 解除3.5米限高,题库缺图,236,q_BBlw6a4tRXYD,,
33,这个标志是何含义？,3 | A解除3米限宽 | 限制高度为3米 | 预告宽度为3米,题库缺图,236,q_cmURWAkNOmFi,,
34,这个标志是何含义？,公交 | 公交专用车道 | 大型客车专用车道 | 快速公交系统专用车道,题库缺图,236,q_GnagVAvuAUuR,,
35,这个标志是何含义？,分向车道 | 右转车道 | 掉头车道 | 左转车道,题库缺图,236,q_Zp_0oAAd9P2V,,
36,这个标志是何含义？,Pi | 停车点 | 服务站 | 停车场,题库缺图,236,q_F6YUC3ymBa4X,,
37,这个标志是何含义？,电子收费ETC | 高速公路收费处 | ETC收费站入口 | 电子不停车收费车道,题库缺图,236,q_BvnmOcy7-RTk,,
38,这个标志是何含义？,浪网 | 高速公路停车区预告 | 高速公路避险处预告 | 高速公路服务区预告,题库缺图,236,q_qe2HgGeTYJMv,,
39,这个标志是何含义？,正确 | 错误,题库缺图,236,q_qwgwAGOrjyy5,,
40,这个标志是何含义？,救援 | 12122 | 高速公路公用电话 | 高速公路报警电话,题库缺图,236,q_HjknjD5pGOW9,,
41,这个标志是何含义？,60kmh | 高速公路特殊天气最高速度 | 高速公路特殊天气建议速度 | 高速公路特殊天气最低速度,题库缺图,236,q_GQR3IXtga6ni,,
42,这个标志是何含义？,ETC | 高速公路ETC车道 | 高速公路缴费车道 | 高速公路检查车道,题库缺图,236,q_8mpvtg5Ir5SO,,
43,这个标志是何含义？,电子收费ETC | 收费站 | 高速公路领卡处 | 高速公路收费处,题库缺图,236,q_Z_K9iCVzCd4z,,
44,这个标志是何含义？,停车领卡 | 停车缴费 | 停车检查 | ETC通道,残缺队列+题库缺图,236,"q_c3uaSB9h6RVC,qi_item_e8dte16Z0TqK",,
45,这个标志是何含义？,1620 | 道路交通信息 | 高速公路报警电话号码 | 高速公路交通广播频率,题库缺图,236,q_vklzjZ7ydB2S,,
46,这个标志是何含义？,G15 | 高速公路起点 | 高速公路出口 | 高速公路入口,题库缺图,236,q_KW9AXpKxFQlL,,
47,这个标志是何含义？,G1511 | 高速公路起点 | 高速公路出口 | 高速公路入口,题库缺图,236,q_lHgWaVh0Jo8D,,
48,这个标志是何含义？,145出口 | G204 | 如皋 海安 | 高速公路下一出口预告,题库缺图,236,q_-KB9zoAaKF8U,,
49,这个标志是何含义？,下一出口 | 15km | 高速公路下一出口预告 | 高速公路右侧出口预告,题库缺图,236,q_adeGoAqVq3_k,,
50,这个标志是何含义？,国家高速G2 | 京沪高速 | 高速公路界牌编号 | 高速公路里程编号,题库缺图,236,q_A_M2Q9yqBQLr,,
51,这个标志是何含义？,8km璜塘 | 17G42km | 上海25km | 高速公路终点地名预告,题库缺图,236,q_oXwewm7EoU3i,,
52,这个标志是何含义？,G3G3天津济南 | 高速公路右侧出口预告 | 高速公路下一出口预告 | 高速公路地点、方向预告,题库缺图,236,q_HPZW_6Gs7iX6,,
53,这个标志是何含义？,G15 | 汕头深圳 | 入口500m | 高速公路终点预告,题库缺图,236,q_gGAzNQc5rL2w,,
54,这个标志是何含义？,2km | 隧道出口距离 | 隧道入口距离 | 隧道跟车距离,题库缺图,236,q_WZ1a5dPLCOsd,,
55,这个标志是何含义？,违法抓拍 | 减速拍照区 | 道路流量监测 | 全路段抓拍,题库缺图,236,q_rYMqmaMuyJg0,,
56,这个标志是何含义？,此路不通 | BT形路口 | 分流路口 | 减速通行,题库缺图,236,q_zuqzv3T9iYtc,,
57,这个标志是何含义？,禁止左转 | 此路不通 | 禁止通行 | 超高绕行,残缺队列+题库缺图,236,"q_P-ND9fIt25lY,qi_item_MS3g7Q8kVf3K",,
58,这个标志是何含义？,休息区 | A停车场 | 观景台 | 服务区,题库缺图,236,q_IE1jly7C1hGw,,
59,这个标志是何含义？,横过道路设施 | 应急避难设施（场所） | 生活服务区 | 行人专用通道,题库缺图,236,q_heKJFmm6I-gx,,
60,这个标志是何含义？,观景台 | 停车场 | 休息区 | 停车位,残缺队列+题库缺图,236,"q_mcShXMustOOC,qi_item_740pl04Gnbcy",,
61,这个标志是何含义？,50 | 最高限速50公里/小时 | 最低限速50公里/小时 | 水平高度50米,题库缺图,236,q_HYgs-gj2_fqa,,
62,这个标志是何含义？,立体交叉直行和右转弯行驶 | 立体交叉直行和左转弯行驶 | 直行和左转弯行驶 | 直行和右转弯行驶,题库缺图,236,q_YBB6R2ZmLGZI,,
63,这个标志是何含义？,海关 | DOUANE | 国界 | 边防,题库缺图,236,q_9JTaAvAsUeUv,,
64,这个标志是何含义？,云居寺 | 旅游区类别 | 旅游区距离 | 旅游区方向,题库缺图,236,q_nKIiy6GomZ4M,,
65,这个标志是何含义？,室内停车场 | 露天停车场 | 专用停车场 | 内部停车场,题库缺图,236,q_WTf0_af6stpG,,
66,这个标志是何含义？,2km南直路 | 15km八一路 | 25kmG101 | 地点距离,题库缺图,236,q_rH425pj36Drx,,
67,这个标志是何含义？,国道编号 | 省道编号 | 县道编号 | 乡道编号,题库缺图,236,q_60bQBOdtPFfg,,
68,这个标志是何含义？,X008 | 国道编号 | 省道编号 | 县道编号,题库缺图,236,q_mgBOUX2EmqW_,,
69,这个标志是何含义？,科技公园 | G108G1095209 | 环形交叉路口预告 | 十字交叉路口预告,题库缺图,236,q_DeDYr_rkb7N8,,
70,这个标志是何含义？,王平 | 新屿 | 环型交叉路口告知 | 十字交叉路口告知,题库缺图,236,q_aHgYhk3pTyqD,,
71,这个标志是何含义？,文慧路徐庄路 | AY形交叉路口预告 | 十字交叉路口预告 | 丁字交叉路口预告,题库缺图,236,q_tGcjL3GK3oAF,,
72,这个标志是何含义？,北G2 | 东北路南京路 | 地点和距离预告 | 十字交叉路口预告,题库缺图,236,q_0914cojNjAWS,,
73,这个标志是何含义？,事故 | 注意危险 | 事故易发路段 | 施工路段,题库缺图,236,q_1CXhPUJy83Ev,,
74,这个标志是何含义？,校车 | 禁止校车通行 | 禁止校车停车 | 校车专用停车位、校车停靠站点,题库缺图,236,q_eLp9g908DK3-,,
75,这个标志是何含义？,人行横道 | 注意行人 | 注意儿童 | 学校区域,题库缺图,236,q_1RJH2dEuEc8t,,
76,这个标志是何含义？,只准直行 | 车道数增加 | 硬路肩充许行驶起点 | 分流处,题库缺图,236,q_2jeUqX1GNUFz,,
77,这个标志是何含义？,让 | 不准让行 | 会车让行 | 停车让行,题库缺图,236,q_9uscEHNgZ1b6,,
78,这个标志是何含义？,停 | 不准车辆驶入 | 不准长时间停车 | 停车让行,题库缺图,236,q_DYkaX6_Kcczk,,
79,这个标志是何含义？,A人行横道 | 注意行人 | 注意儿童 | 学校区域,题库缺图,236,q_Ax_nQDb3_G3B,,
80,这个标志是何含义？,A窄路 | 右侧变窄 | 左侧变窄 | 窄桥,题库缺图,236,q_L7IkWBS6fWz2,,
81,这个标志是何含义？,提醒车辆驾驶人前方有两个及以A上的连续上坡路段 | 提醒车辆驾驶人前方有向上的陡B坡路段 | 提醒车辆驾驶人前方有向下的陡坡路段 | 提醒车辆驾驶人前方有两个及以上的连续下坡路段,题库缺图,236,q_IvFLa8l0Zmza,,
82,这个标志是何含义？,提醒车辆驾驶人前方道路沿水A库、湖泊、河流 | 提醒车辆驾驶人前方有向上的陡B坡路段 | 提醒车辆驾驶人前方有向下的陡坡路段 | 提醒车辆驾驶人前方有两个及以上的连续上坡路段,题库缺图,236,q_-VCTxSw9IErz,,
83,这个标志是何含义？,AY形交叉口 | 主路让行 | 注意分流 | 注意合流,题库缺图,236,q_bbgfP_a2_RJE,,
84,这个标志是何含义？,30km/h | 建议速度 | 最低速度 | 最高速度,题库缺图,236,q_zva6b9FGLctQ,,
85,这个标志是何含义？,慢 | 施工路段 | 车多路段 | 慢行,题库缺图,236,q_TXy0qiCy3-sW,,
86,这个标志是何含义？,距无人看守铁路道口50米 | 距有人看守铁路道口50米 | 距无人看守铁路道口100米 | 距有人看守铁路道口100米,题库缺图,236,q_Xtoe_W-0CMBP,,
87,这个标志是何含义？,堤坝路 | 上陡坡 | 连续上坡 | 下陡坡,题库缺图,236,q_b2HbAohNHXCK,,
88,这个标志是何含义？,左侧通行 | 不准通行 | 两侧通行 | 右侧通行,题库缺图,236,q_ZvHXf4g6kABK,,
89,这个标志是何含义？,残疾人出入口 | 注意残疾人 | 残疾人专用通道 | 残疾人专用停车位,题库缺图,236,q_6s9sub7bmK1v,,
90,这个标志是何含义？,边防检查 | 禁止通行 | 海关检查 | 停车检查,题库缺图,236,q_bjjnGZBp098K,,
91,这个标志是何含义？,40米减速行驶路段 | 最低时速40公里 | 解除时速40公里限制 | 最高时速40公里,题库缺图,236,q_t9X1nO00sBG2,,
92,这个标志是何含义？,限制40吨轴重 | 限制最高时速40公里 | 前方40米减速 | 最低时速40公里,题库缺图,236,q_IafS8ur_OaBD,,
93,这个标志是何含义？,限制高度为3.5米 | 限制宽度为3.5米 | 解除3.5米限高 | 限制车距为3.5米,题库缺图,236,q_Qdp9eGFmTPA0,,
94,这个标志是何含义？,解除3米限宽 | 限制高度为3米 | 预告宽度为3米 | 限制宽度为3米,题库缺图,236,q_qs8a-7jx8Zif,,
95,这个标志是何含义？,禁止长时鸣喇叭 | 断续鸣喇叭 | 禁止鸣喇叭 | 减速鸣喇叭,题库缺图,236,q_g5IQT2xsn-K5,,
96,这个标志是何含义？,解除禁止借道 | 解除禁止变道 | 准许变道行驶 | 解除禁止超车,题库缺图,236,q_C0WunlRm_pyL,,
97,这个标志是何含义？,禁止借道 | 禁止变道 | 禁止超车 | 禁止掉头,题库缺图,236,q_px-y89wbpw84,,
98,这个标志是何含义？,禁止直行 | 禁止掉头 | 禁止变道 | 禁止左转,题库缺图,236,q_32mpewggwN6O,,
99,这个标志是何含义？,禁止直行和向左变道 | 允许直行和向右变道 | 允许直行和向左变道 | 禁止直行和向右转弯,题库缺图,236,q_T1Sr0--96t9h,,
100,这个标志是何含义？,禁止直行和向左转弯 | 禁止直行和向左变道 | 允许直行和向左变道 | 禁止直行和向右转弯,题库缺图,236,q_vCM2if3HmBCP,,
101,这个标志是何含义？,禁止在路口掉头 | 禁止向左向右变道 | 禁止车辆直行 | 禁止向左向右转弯,题库缺图,236,q_VUuinr3Gh9du,,
102,这个标志是何含义？,禁止掉头 | 禁止向右转弯 | 禁止直行 | 禁止向左转弯,题库缺图,236,q_uT0vTwP5uIWt,,
103,这个标志是何含义？,禁止驶入路口 | 禁止向右转弯 | 禁止车辆掉头 | 禁止变更车道,题库缺图,236,q_BkPhJN1kQbHM,,
104,这个标志是何含义？,禁止向左转弯 | 禁止驶入左车道 | 禁止车辆掉头 | 禁止向左变道,题库缺图,236,q_HCfjYowE8avn,,
105,这个标志是何含义？,禁止驶入 | 禁止通行 | 减速行驶 | 限时进入,题库缺图,236,q_lx_s8N1g3B8k,,
106,这个标志是何含义？,会车时停车让对方车先行 | 前方是双向通行路段 | 右侧道路禁止车通行 | 会车时停车让右侧车先行,题库缺图,236,q_nNlet4xmOQEb,,
107,这个标志是何含义？,公交专用车道 | 有轨电车专用车道 | 靠右侧车道行驶 | HOV专用车道,题库缺图,236,q_w6kC2TKjQU5D,,
108,这个标志是何含义？,注意行人 | 仅供行人步行 | 低速行驶 | 行人先行,题库缺图,236,q_fPMQb8HTUGo_,,
109,这个标志是何含义？,掉头 | 倒车 | 左转 | 绕行,题库缺图,236,q_pxCOiCOUITvR,,
110,这个标志是何含义？,小型汽车专用车道 | 机动车专用车道 | 多乘员车辆专用车道 | 出租汽车专用车道,题库缺图,236,q_7BTx0rvuoD-G,,
111,这个标志是何含义？,公交车专用车道 | 快速公交系统（BRT）车辆专用车道 | 大型客车专用车道 | 多乘员车专用车道,题库缺图,236,q_QampiypqDLo1,,
112,这个标志是何含义？,非机动车车道 | 禁止自行车通行车道 | 自行车专用车道 | 停放自行车路段,题库缺图,236,q_RdJuXklEenVM,,
113,这个标志是何含义？,非机动车停车位 | 电动自行车行驶 | 非机动车停放区 | 非机动车行驶,题库缺图,236,q__OeF47yZoWg0,,
114,这个标志是何含义？,小型车车道 | 小型车专用车道 | 机动车车道 | 多乘员车辆专用车道,题库缺图,236,q_L7Qa42TnVY0M,,
115,这个标志是何含义？,禁止小型车行驶 | 机动车行驶 | 只准小型车行驶 | 不准小型车通行,题库缺图,236,q_t100R5qF5ZmY,,
116,这个标志是何含义？,公交专用车道 | 大型客车专用车道 | 快速公交系统专用车道 | 多乘员车辆专用车道,题库缺图,236,q_i9Qq3u0tzfRw,,
117,这个标志是何含义？,直线行驶车道 | 左转行驶车道 | 右转行驶车道 | 分向行驶车道,题库缺图,236,q_JUY0b3jBdqZk,,
118,这个标志是何含义？,直行和左转合用车道 | 禁止左转和掉头车道 | 掉头和左转合用车道 | 分向行驶车道,题库缺图,236,q_-w6FKvNysx5V,,
119,这个标志是何含义？,左转车道 | 掉头车道 | 绕行车道 | 分向车道,题库缺图,236,q_OdNg4x-DyNLQ,,
120,这个标志是何含义？,直行和左转合用车道 | 直行和掉头合用车道 | 直行和右转车道 | 分向行驶车道,题库缺图,236,q_lyyvOmrgdj5j,,
121,这个标志是何含义？,直行和左转车道 | 直行和辅路出口车道 | 直行和右转合用车道 | 分向行驶车道,题库缺图,236,q_L9Qiex7SxBYZ,,
122,这个标志是何含义？,直行车道 | 右转车道 | 掉头车道 | 左转车道,题库缺图,236,q_GV71KIg2-AFC,,
123,这个标志是何含义？,分隔带左侧行驶 | 只准向左转弯 | 左侧是下坡路段 | 靠道路左侧停车,题库缺图,236,q_XlTZavzHWGs9,,
124,这个标志是何含义？,靠道路右侧停车 | 只准向右转弯 | 右侧是下坡路段 | 分隔带右侧行驶,题库缺图,236,q_rEZQlJjEyYfh,,
125,这个标志是何含义？,直行和向右转弯 | 直行和向左转弯 | 禁止直行和向左转弯 | 只准向右和向左转弯,题库缺图,236,q_ITvUalshOLZZ,,
126,这个标志是何含义？,禁止向右转弯 | 禁止向左转弯 | 向左和向右转弯 | 禁止向左右转弯,题库缺图,236,q_Tet7vt9LnDEE,,
127,这个标志是何含义？,直行车道 | 只准直行 | 单行路 | 向右转弯,题库缺图,236,q_0tHFajySqmBR,,
128,这个标志是何含义？,直行和向右转弯 | 直行和向左转弯 | 禁止直行和向右转弯 | 只准向左和向右转弯,题库缺图,236,q_f6dlij5wZe5n,,
129,这个标志是何含义？,直行车道 | 单行路 | 向左转弯 | 禁止直行,题库缺图,236,q_YSo2J3c4l6Zg,,
130,这个标志是何含义？,直行车道 | 只准直行 | 单行路 | 禁止直行,题库缺图,236,q_C2OG6cF8R-Qp,,
131,这个标志是何含义？,高速公路ETC车道指引 | 高速公路领卡车道指引 | 高速公路缴费车道指引 | 高速公路检查车道指引,题库缺图,236,q_6MEppWqkj3mH,,
132,这个标志是何含义？,服务站 | 停车点 | 停车场 | 应急避难场所,题库缺图,236,q_ih3iA7ua48O_,,
133,这个标志是何含义？,电动车充电站 | 加油站 | 地铁 | 急救站,题库缺图,236,q_2f8g8-3pkg_J,,
134,这个标志是何含义？,高速公路收费处 | ETC收费站入口 | 电子不停车收费车道 | 高速公路领卡处,题库缺图,236,q_oEt5w1dVc_Uv,,
135,这个标志是何含义？,高速公路加油站 | 电动汽车服务区 | 电动汽车充电站 | 高速公路休息区,题库缺图,236,q_CiXuuXohqZSV,,
136,这个标志是何含义？,服务区 | 加油站 | 休息区 | 客车站,题库缺图,236,q_4KwCrh9Yur4I,,
137,这个标志是何含义？,高速公路紧急停车带 | 高速公路避让处所 | 高速公路停车区 | 高速公路客车站,题库缺图,236,q_r-LgW8r646Ah,,
138,这个标志是何含义？,高速公路公用电话 | 高速公路报警电话 | 高速公路紧急电话 | 高速公路救援电话,题库缺图,236,q_x42DfPHN2kZm,,
139,这个标志是何含义？,高速公路领卡处 | 高速公路收费处 | 高速公路检查站 | 设有ETC的收费站,题库缺图,236,q_JkL_cGjSgwD0,,
140,这个标志是何含义？,高速公路报警电话号码 | 高速公路交通广播频率 | 高速公路救援电话号码 | 高速公路服务电话号码,题库缺图,236,q_ZsRtzoC_RNK8,,
141,这个标志是何含义？,高速公路起点 | 高速公路出口 | 高速公路入口 | 高速公路终点,题库缺图,236,q_kne10Q-UYbMG,,
142,这个标志是何含义？,高速公路界牌编号 | 高速公路里程编号 | 高速公路命名编号 | 高速公路路段编号,题库缺图,236,q_ksju-Sgpbi2w,,
143,这个标志是何含义？,高速公路终点地名预告 | 高速公路行驶路线预告 | 高速公路行驶方向预告 | 高速公路地点距离预告,题库缺图,236,q_8kN5_vfhWpwp,,
144,这个标志是何含义？,高速公路右侧出口预告 | 高速公路下一出口预告 | 高速公路地点、方向预告 | 高速公路左侧出口预告,题库缺图,236,q_rQBwDb00Z0RP,,
145,这个标志是何含义？,高速公路终点预告 | 高速公路入口预告 | 高速公路起点预告 | 高速公路出口预告,题库缺图,236,q_JrcZfqZW2wow,,
146,这个标志是何含义？,隧道出口距离 | 隧道入口距离 | 隧道跟车距离 | 隧道总长度,题库缺图,236,q_nMMNeN4vtJuK,,
147,这个标志是何含义？,减速拍照区 | 道路流量监测 | 全路段抓拍 | 交通监控设备,题库缺图,236,q_caxN0kjUeM2G,,
148,这个标志是何含义？,向右变道 | 分流处 | 车道数增加 | 路面变宽,题库缺图,236,q_m0QhqGup50W0,,
149,这个标志是何含义？,向左变道 | 车道数变少 | 合流处 | 应急车道,题库缺图,236,q_vVQJuLqrAa73,,
150,这个标志是何含义？,此路不通 | T形路口 | 分流路口 | 减速通行,题库缺图,236,q_OV0nVyBpSWrv,,
151,这个标志是何含义？,横过道路设施 | 应急避难设施（场所 | 生活服务区 | 行人专用通道,题库缺图,236,q_59jSu3l4Dxqs,,
152,这个标志是何含义？,紧急停车带 | 露天停车场 | 停车位 | 错车道,题库缺图,236,q_PBDbZkEN6NC5,,
153,这个标志是何含义？,对向先行 | 停车让行 | 单行路 | 会车先行,题库缺图,236,q_T4voOqwZKO3e,,
154,这个标志是何含义？,单行路 | 停车让行 | 干路先行 | 两侧街道,题库缺图,236,q_9UkCfZCL111Y,,
155,这个标志是何含义？,最高限速50公里/小时 | 最低限速50公里/小时 | 水平高度50米 | 海拔高度50米,题库缺图,236,q_u4EYDQa6qS3-,,
156,这个标志是何含义？,人行横道 | 学生通道 | 儿童通道 | 注意行人,题库缺图,236,q_G_OPVbypfGSP,,
157,这个标志是何含义？,应当鸣喇叭 | 禁止鸣喇叭 | 禁止鸣高音喇叭 | 禁止鸣低音喇叭,题库缺图,236,q_N3yEJl1nHxWl,,
158,这个标志是何含义？,低速行驶 | 注意行人 | 行人先行 | 步行,题库缺图,236,q_gemivW9PQaLJ,,
159,这个标志是何含义？,靠右侧行驶 | 不允许直行 | 直行单行路 | 直行车让行,题库缺图,236,q_dstwEUD65sAM,,
160,这个标志是何含义？,向左单行路 | 向右单行路 | 直行单行路 | 右转让行,题库缺图,236,q_niBDb0f-5drE,,
161,这个标志是何含义？,向左单行路 | 向右单行路 | 直行单行路 | 左转让行,题库缺图,236,q_B_GsqKqf6jsq,,
162,这个标志是何含义？,右侧通行 | 左侧通行 | 向右行驶 | 环岛行驶,题库缺图,236,q_xkd_6510vpbd,,
163,这个标志是何含义？,地点距离 | 行驶路线 | 行驶方向 | 终点地名,题库缺图,236,q_QIuxmo072a9U,,
164,这个标志是何含义？,十字交叉路口告知 | 互通式立体交叉告知 | Y形交叉路口告知 | 环形交叉路口告知,题库缺图,236,q_ItZzya9eCUH3,,
165,这个标志是何含义？,环形交叉路口预告 | 十字交叉路口预告 | 互通立体交叉预告 | Y形交叉路口预告,题库缺图,236,q_vWGlLwOkq4A2,,
166,这个标志是何含义？,环型交叉路口告知 | 十字交叉路口告知 | 丁字交叉路口告知 | Y型交叉路口告知,题库缺图,236,q_HaB5jOxgpj6K,,
167,这个标志是何含义？,Y形交叉路口预告 | 十字交叉路口预告 | 丁字交叉路口预告 | 道路分叉处预告,题库缺图,236,q_MzBeVioqYdcQ,,
168,这个标志是何含义？,地点和距离预告 | 十字交叉路口预告 | 分道信息预告 | 道路分岔处预告,题库缺图,236,q_liZ1ytn-ps0X,,
169,这个标志是何含义？,交叉路口预告 | 车道方向预告 | 分道信息预告 | 分岔处预告,题库缺图,236,q_1cSKUXmEfNf9,,
170,这个标志是何含义？,急弯路 | 交叉路口 | 反向弯路 | 连续弯路,题库缺图,236,q_o28F-0piPwP8,,
171,这个标志是何含义？,电动自行车车道 | 注意非机动车 | 注意电动自行车 | 禁止非机动车通行,题库缺图,236,q_FI2vsnnBkjsm,,
172,这个标志是何含义？,转弯诱导标志 | 线形诱导标志 | 分流诱导标志 | 合流诱导标志,题库缺图,236,q_lbYm0oG_x0eY,,
173,这个标志是何含义？,应急车道 | 注意车道数变少 | 合流处 | 向左变道,题库缺图,236,q_qgyD_pg_SSnY,,
174,这个标志是何含义？,量路尺 | 注意积水 | 交通事故勘察尺 | 注意前方限高,题库缺图,236,q_o6QRyMh5-9Sa,,
175,这个标志是何含义？,注意危险 | 事故易发路段 | 施工路段 | 交通事故管理,题库缺图,236,q_aAmAk6p94r7c,,
176,这个标志是何含义？,无障碍设施 | 注意残疾人 | 停车场 | 残疾人专用车位,题库缺图,236,q_ZXPKSXIyDNmM,,
177,这个标志是何含义？,避让处所 | 客车站 | 停车区 | 港湾式紧急停车带,题库缺图,236,q_J75ivsexnReh,,
178,这个标志是何含义？,出租车专用停车位 | 公交车专用停车位 | 校车专用停车位 | 充电停车位,题库缺图,236,q_rClxZnVRPn2M,,
179,这个标志是何含义？,禁止校车通行 | 禁止校车停车 | 校车专用停车位、校车停靠站点 | 只允许校车通行,题库缺图,236,q_MMiV16NDqo9d,,
180,这个标志是何含义？,允许货车通行 | 允许客车通行 | 禁止货车通行 | 绿色通道,题库缺图,236,q_8jc0Ygji4LuW,,
181,这个标志是何含义？,只准直行 | 车道数增加 | 硬路肩允许行驶起点 | 分流处,题库缺图,236,q_7i7R6k1Z8k6Y,,
182,这个标志是何含义？,非机动车推行 | 非机动车骑行 | 非机动车与行人共享空间通行 | 非机动车与行人分开空间通行,题库缺图,236,q_0DdT9U7hHSt2,,
183,这个标志是何含义？,公交车专用车道 | BRT车辆专用车道 | 有轨电车专用车道 | 大型客车专用车道,题库缺图,236,q_gZHTLeGbAx3t,,
184,这个标志是何含义？,隧道开示宽灯 | 开车灯 | 隧道减速 | 隧道开远光灯,题库缺图,236,q_0HAnuouVRWm-,,
185,这个标志是何含义？,注意避让火车 | 有人看守铁路道口 | 无人看守铁路道口 | 多股铁路与道路相交,题库缺图,236,q_LXPftBLV3PdQ,,
186,这个标志是何含义？,不准让行 | 会车让行 | 停车让行 | 减速让行,题库缺图,236,q__0KWXM5uK8mx,,
187,这个标志是何含义？,不准车辆驶入 | 不准长时间停车 | 停车让行 | 不准临时停车,题库缺图,236,q_Jh0ujCSTT94b,,
188,这个标志是何含义？,允许长时停车 | 禁止临时停车 | 禁止车辆长时停放 | 禁止停放车辆,题库缺图,236,q_UKtUJs1YiSR1,,
189,这个标志是何含义？,允许长时停车 | 允许临时停车 | 禁止长时停车 | 禁止车辆停放,题库缺图,236,q_L_LtN8fw3oio,,
190,这个标志是何含义？,海关 | 国界 | 边防 | 边界,题库缺图,236,q_qvijpogDWNPu,,
191,这个标志是何含义？,路面低洼 | 驼峰桥 | 路面不平 | 路面高突,题库缺图,236,q_gB-xrMqimlof,,
192,这个标志是何含义？,不平路面 | 驼峰桥 | 路面高突 | 路面低洼,题库缺图,236,q_SojxCveLr69G,,
193,这个标志是何含义？,过水路面 | 漫水桥 | 渡口 | 船用码头,题库缺图,236,q_E-1sYHpOteo8,,
194,这个标志是何含义？,涵洞 | 水渠 | 桥梁 | 隧道,题库缺图,236,q_1Kp96wWnfDld,,
195,这个标志是何含义？,注意行人 | 有人行横道 | 村庄或集镇 | 有小学校,题库缺图,236,q_2UBIsOAIpRu0,,
196,这个标志是何含义？,堤坝路 | 临崖路 | 易滑路 | 傍水路,题库缺图,236,q_WvcGhahk5kkE,,
197,这个标志是何含义？,急转弯路 | 易滑路段 | 试车路段 | 曲线路段,题库缺图,236,q_RqiCta9fjzPA,,
198,这个标志是何含义？,注意横风 | 风向标 | 隧道入口 | 气象台,题库缺图,236,q_yglrygdjTnR1,,
199,这个标志是何含义？,傍山险路 | 悬崖路段 | 注意落石 | 危险路段,题库缺图,236,q_yLJKW1sV7rAs,,
200,这个标志是何含义？,交叉路口 | 注意信号灯 | 注意行人 | 人行横道灯,题库缺图,236,q_PNHg-jFSWnuh,,
201,这个标志是何含义？,注意野生动物 | 注意牲畜 | 动物公园 | 开放的牧区,题库缺图,236,q_f4Mmyz-3RRSE,,
202,这个标志是何含义？,大型畜牧场 | 野生动物保护区 | 注意野生动物 | 注意牲畜,题库缺图,236,q_9xubD_TEwIKy,,
203,这个标志是何含义？,双向交通 | 分离式道路 | 潮汐车道 | 减速让行,题库缺图,236,q_e10rOdSQjAIZ,,
204,这个标志是何含义？,窄路 | 右侧变窄 | 左侧变窄 | 窄桥,题库缺图,236,q_C3tn_U8cs_ZV,,
205,这个标志是何含义？,避险车道 | 应急车道 | 路肩 | 急弯道,题库缺图,236,q_rqROE8geOuBY,,
206,这个标志是何含义？,Y形交叉口 | 主路让行 | 注意分流 | 注意合流,题库缺图,236,q_gM_Aat5vR04a,,
207,这个标志是何含义？,注意交互式道路 | 注意分离式道路 | 平面交叉路口 | 环形平面交叉,题库缺图,236,q_J2agoheyzHXN,,
208,这个标志是何含义？,注意保持车距 | 车距确认路段 | 车速测试路段 | 两侧变窄路段,题库缺图,236,q_DuBdNaduY5On,,
209,这个标志是何含义？,注意双向行驶 | 靠两侧行驶 | 可变车道 | 注意潮汐车道,题库缺图,236,q_s960UXuYEwCG,,
210,这个标志是何含义？,隧道开远光灯 | 隧道减速 | 隧道开灯 | 隧道开示宽灯,题库缺图,236,q_ulU5eEK5xqns,,
211,这个标志是何含义？,建议速度 | 最低速度 | 最高速度 | 限制速度,题库缺图,236,q_qjYBmmPFclVg,,
212,这个标志是何含义？,塌方路段 | 施工路段 | 前方工厂 | 道路堵塞,题库缺图,236,q_tHptZ70kDkxU,,
213,这个标志是何含义？,事故多发路段 | 减速慢行 | 注意危险 | 拥堵路段,题库缺图,236,q_OYSouRxZFqnY,,
214,这个标志是何含义？,施工路段绕行 | 双向交通 | 注意危险 | 左右绕行,题库缺图,236,q_VvbPC8t-RNna,,
215,这个标志是何含义？,施工路段 | 车多路段 | 慢行 | 拥堵路段,题库缺图,236,q_4RmE6wYK8QZe,,
216,这个标志是何含义？,施工路段 | 事故易发路段 | 减速慢行路段 | 拥堵路段,题库缺图,236,q_3iGkVQCOgXxM,,
217,这个标志是何含义？,注意残疾人 | 残疾人出入口 | 残疾人休息处 | 残疾人专用通道,题库缺图,236,q_HZx6C7Jj6DnP,,
218,这个标志是何含义？,避让非机动车 | 非机动车道 | 禁止非机动车通行 | 注意非机动车,题库缺图,236,q_WWHLUCGbVaLt,,
219,这个标志是何含义？,距有人看守铁路道口150米 | 距无人看守铁路道口150米 | 距无人看守铁路道口100米 | 距有人看守铁路道口100米,题库缺图,236,q_65bLc3wr1Zqr,,
220,这个标志是何含义？,多股铁路与道路相交 | 有人看守铁路道口 | 无人看守铁路道口 | 注意长时鸣喇叭,题库缺图,236,q_vuqMU9x8J5SU,,
221,这个标志是何含义？,无人看守铁路道口 | 有人看守铁路道口 | 多股铁路与道路相交 | 立交式的铁路道口,题库缺图,236,q_mpniewjkr8Da,,
222,这个标志是何含义？,过水路面 | 渡口 | 泥泞道路 | 低洼路面,题库缺图,236,q_S_h-c9VlQGI9,,
223,这个标志是何含义？,路面高突 | 有驼峰桥 | 路面不平 | 路面低洼,题库缺图,236,q_oR3NMAm5tLbZ,,
224,这个标志是何含义？,路面低洼 | 驼峰桥 | 路面不平 | 减速丘,题库缺图,236,q_63VFr-Blbh47,,
225,这个标志是何含义？,连续上坡 | 上陡坡 | 下陡坡 | 连续下坡,题库缺图,236,q_5OfqBXuwtAFB,,
226,这个标志是何含义？,向左急转弯 | 向右急转弯 | 向左绕行 | 连续弯路,题库缺图,236,q_SCynVvxE3L-T,,
227,这个标志是何含义？,向左急转弯 | 向右急转弯 | 向右绕行 | 连续弯路,题库缺图,236,q_qadKzUf9HFX1,,
228,这个标志是何含义？,禁止机动车驶入 | 禁止停车 | 禁止三轮车驶入 | 禁止挂车、半挂车驶入,题库缺图,236,q_RZTnrMdnDxWF,,
229,这个标志是何含义？,禁止电动自行车停车 | 禁止非机动车停车 | 禁止电动自行车进入 | 禁止非机动车进入,题库缺图,236,q_i_vasPw0Dwqa,,
230,这个标志是何含义？,注意前方车辆排队 | 注意安全 | 机动车行驶 | 注意小型客车,题库缺图,236,q_xJGBELxSoay2,,
231,这个标志是何含义？,旅游区类别 | 旅游区距离 | 旅游区方向 | 旅游区符号,残缺队列,236,qi_item_1fFhe1Cm3Shn,,
232,这个标志是何含义？,高速公路下一出口预告 | 高速公路右侧出口预告 | 高速公路目的地预告 | 高速公路左侧出口预告,残缺队列,236,qi_item_0psLJCOvjiAA,,
233,这个标志是何含义？,高速公路ETC车道 | 高速公路缴费车道 | 高速公路检查车道 | 高速公路领卡车道,残缺队列,236,qi_item_AnaQcf5vSy8-,,
234,这个标志是何含义？,高速公路特殊天气最高速度 | 高速公路特殊天气建议速度 | 高速公路特殊天气最低速度 | 高速公路特殊天气平均速度,残缺队列,236,qi_item_ndyz1I93KXk2,,
235,这个标志是何含义？,高速公路收费站预告 | 高速公路服务区预告 | 高速公路避险处预告 | 高速公路客车站预告,残缺队列,236,qi_item_1bsAzzKIJ4a1,,
236,这个标志是何含义？,高速公路停车区预告 | 高速公路避险处预告 | 高速公路服务区预告 | 高速公路停车场预告,残缺队列,236,qi_item_rrx-IFs_nenA,,
237,这个标志是什么含义？,前方路口只能右转 | 前方路口只能左转 | 前方路口只能直行 | 前方是T形交叉路口,题库缺图,16,q_9SLvVl-y2BYa,,
238,这个标志是什么含义？,让 | A进入前方路口要注意观察 | B进入前方路口要停车让行 | 进入前方路口要减速让行,题库缺图,16,q_SQyTM-liEQwg,,
239,这个标志是什么含义？,正确 | 错误,题库缺图,16,q_G1Ki7u0ERKBZ,,
240,这个标志是什么含义？,警告标志 | 禁令标志 | 指示标志 | 指路标志,题库缺图,16,q_R0GH6dFilmJp,,
241,这个标志是什么含义？,前方路口不能右转 | 前方路口不能直行 | 前方是十字路口 | 前方路口不能左转,题库缺图,16,q_TFO-si_tuIqI,,
242,这个标志是什么含义？,停 | 进入前方路口要加速通过 | 进入前方路口要停车观察 | 进入前方路口要注意车辆,题库缺图,16,q_8BGuNgspWqnP,,
243,这个标志是什么含义？,观景台 | 300m | 停车场 | 休息区,题库缺图,16,q_2mEmRyeCuq7a,,
244,这个标志是什么含义？,进入前方路口要加速通过 | 进入前方路口要停车观察 | 进入前方路口要注意车辆 | 进入前方路口要减速慢行,题库缺图,16,q_begwkTw-035L,,
245,这个标志是什么含义？,高速公路收费站 | 高速公路领卡处 | ETC收费车道 | 人工收费车道,题库缺图,16,q_OF7gYkpfOmgv,,
246,这个标志是什么含义？,对面可能会有来车 | 可直接驶入此路段 | 不准驶入前方路段 | 进入此路段要减速,题库缺图,16,q_WApemPbq-FLM,,
247,这个标志是什么含义？,高速公路直出车道指引 | 高速公路地点距离预告 | 高速公路左侧出口预告 | 高速公路右侧出口预告,题库缺图,16,q_utD9Pdy7GH1X,,
248,这个标志是什么含义？,出租车专用车道 | 小型客车车道 | 机动车车道 | 多乘员车辆专用车道,题库缺图,16,q_LgB4SazQIRGC,,
249,这个标志是什么含义？,非机动车车道 | 电动自行车车道 | 非机动车行驶 | 电动自行车行驶,题库缺图,16,q_3x5a-3cSGjS8,,
250,这个标志是什么含义？,禁止硬路肩行驶 | 车道数增加 | 车道数减少 | 硬路肩允许行驶终点,题库缺图,16,q_NZ9F1ULIiyR8,,
251,这个标志是什么含义？,观景台 | 停车场 | 休息区 | 停车位,题库缺图,16,q_apOx5mgCwoQz,,
252,这个标志是什么含义？,左侧通行 | 不准通行 | 两侧通行 | 右侧通行,题库缺图,16,q_ZnYr9FUPA0F_,,
253,图中交通标志是指（ ）。,注意行人 | 人行横道 | 注意儿童 | 学校区域,题库缺图,14,q_MkQl6EQuP9bJ,,
254,图中交通标志是指（ ）。,临崖路 | 堤坝路 | 傍山险路 | 落石路,题库缺图,14,q_PLBbGvzobaen,,
255,图中交通标志是指（ ）。,行人 | 禁止行人进入 | 注意行人 | 人行横道,题库缺图,14,q_3o-UsrO0thdB,,
256,图中交通标志是指（ ）。,急弯路 | 交叉路口 | 反向弯路 | 注意合流,题库缺图,14,q_WgVkOVr-MLk7,,
257,图中交通标志是指（ ）。,单向通行 | 右侧绕行 | 注意危险 | 左侧绕行,题库缺图,14,q_IAuhvlCERIPp,,
258,图中交通标志是指（ ）。,长江路 | 南直路阜成路学院路 | 地点距离 | 交叉路口预告,题库缺图,14,q_6mxQoPmVuiBR,,
259,图中交通标志是指（ ）。,雾 | 注意路面结冰 | 注意雨（雪）天 | 注意雾天,题库缺图,14,q_qG_aLVdqPGrt,,
260,图中交通标志是指（ ）。,注意路面结冰 | 注意雨（雪）天 | 注意雾天 | 注意不利气象条件,题库缺图,14,q_Qp9OZIViW9Y1,,
261,图中交通标志是指（ ）。,A行人 | 禁止行人进入 | 注意行人 | 人行横道,题库缺图,14,q_0aJQ-1Zh9m83,,
262,图中交通标志是指（ ）。,禁止载货汽车驶入 | 禁止拖拉机驶入 | 禁止三轮汽车、低速货车驶入 | 禁止摩托车驶入,题库缺图,14,q_Ju8V8PSz6lFo,,
263,图中交通标志是指（ ）。,学府路 | 公滨路 | 黄河路 | 地点距离,题库缺图,14,q_vite_P73Fg00,,
264,图中交通标志是指（ ）。,大厂 | 燕郊 | 地点距离 | 交叉路口预告,题库缺图,14,q_tdibJuA_3zCD,,
265,图中交通标志是指（ ）。,A急弯路 | 交叉路口 | 反向弯路 | 注意合流,题库缺图,14,q_CutEZlhUBJoh,,
266,图中交通标志是指（ ）。,禁止电动自行车进入 | 禁止三轮车驶入 | 禁止非机动车进入 | 禁止摩托车驶入,题库缺图,14,q_eXWQfj4Z68tR,,
267,遇到图中所示的情况，应怎样行驶？,只要没有行人横过就可以加速通过 | 提前减速观察确认是否能安全通过 | 鸣喇叭告知两边的行人和非机动车 | 如果来不及减速就直接按常速通过,残缺队列+题库缺图,13,"q_O3I51ZeIIsst,qi_item_yWzFcIlNLb0N",,
268,遇到图中所示的情况，应怎样行驶？,如果已经越过停止线就可以加速A向左转弯 | 不用考虑对面车辆直接向左转弯 | 只要不影响左侧车辆直行就可以左转弯 | 等待对面车辆直行通过后再向左转弯,题库缺图,13,q_-0pLl_ac39Q-,,
269,遇到图中所示的情况，应怎样行驶？,如果已经越过停止线就可以加速向右转弯 | 不用考虑左侧车辆直接向右转弯 | 只要不影响左侧车辆直行就可以右转弯 | 等待左侧车辆直行通过后再向右转弯,题库缺图,13,q_MqGaZHCIMDgK,,
270,遇到图中所示的情况，应怎样行驶？,正确 | 错误,题库缺图,13,q_Wtg6_jOq6JOr,,
271,遇到图中所示的情况，应怎样行驶？,加速在第一个行人的前方向右转A弯 | 绕到第一个行人的后方向右转弯 | 等待两个行人都通过路口再右转弯 | 鸣喇叭让行人停止通过后向右转弯,题库缺图,13,q_OqQIT-5dQW6c,,
272,遇到图中所示的情况，应怎样行驶？,停车让行人先通过 | 减速缓慢行驶通过 | 连续鸣喇叭告知行人 | 加速从行人的前方通过,题库缺图,13,q_eSX8h8KbyF68,,
273,遇到图中所示的情况，应怎样行驶？,只要没有行人横过就可以加速通A过 | 提前减速观察确认是否能安全通过 | 鸣喇叭告知两边的行人和非机动车 | 如果来不及减速就直接按常速通过,题库缺图,13,q_DqGrx0CCqYrc,,
274,遇到图中所示的情况，应怎样行驶？,从行人的前方绕行通过路口 | 在停止线以外停车等待行人通过 | 鸣喇叭告知行人停止通过路口 | 可以从两个行人中间低速缓慢穿D过,题库缺图,13,q_Wt-FS3pJ4W_C,,
275,遇到图中所示的情况，应怎样行驶？,加速在第一个行人的前方向右转A弯 | 绕到第一个行人的后方向右转弯 | 等待两个行人都通过路口再右转弯 | 鸣喇叭让行人停止通过后向右转D弯,题库缺图,13,q_hhVBJ0oOSQNY,,
276,遇到图中所示的情况，应怎样行驶？,如果已经越过停止线就可以加速向左转弯 | 不用考虑对面车辆直接向左转弯 | 只要不影响左侧车辆直行就可以左转弯 | 等待对面车辆直行通过后再向左转弯,题库缺图,13,q_0y7etqtQ6LJt,,
277,遇到图中所示的情况，应怎样行驶？,可以借右侧应急车道行驶 | 与前车保持安全距离跟车行驶 | 紧跟左侧车道绿色小客车行驶 | 鸣喇叭或变换远近光灯催促,题库缺图,13,q_sogMphajIrMq,,
278,遇到图中所示的情况，应怎样行驶？,从行人的前方绕行通过路口 | 在停止线以外停车等待行人通过 | 鸣喇叭告知行人停止通过路口 | 可以从两个行人中间低速缓慢穿过,题库缺图,13,q_D5SFu4Ei5hbk,,
279,遇到图中所示的情况，应怎样行驶？,加速在第一个行人的前方向右转弯 | 绕到第一个行人的后方向右转弯 | 等待两个行人都通过路口再右转弯 | 鸣喇叭让行人停止通过后向右转弯,题库缺图,13,q_sx4ewxeNKmY0,,
280,机动车仪表板上如图所示指示灯亮表示什么？,ABS | 防抱死制动系统故障 | 驻车制动器处于解除状态 | 安全气囊处于故障状态,题库缺图,12,q_1tIScU0f7GyU,,
281,机动车仪表板上如图所示指示灯亮表示什么？,前雾灯打开 | 后雾灯打开 | 前照灯近光打开 | 前照灯远光打开,题库缺图,12,q_9fc9JkPwHWvf,,
282,机动车仪表板上如图所示指示灯亮表示什么？,已开启前照灯近光 | 已开启前雾灯 | 已开启前照灯远光 | 已开启后雾灯,题库缺图,12,q_j27tokTswhsK,,
283,机动车仪表板上如图所示指示灯亮表示什么？,制动液不足 | 洗涤液不足 | 冷却系统故障 | 冷却液不足,题库缺图,12,q_K74PJGInJDKQ,,
284,机动车仪表板上如图所示指示灯亮表示什么？,充电电流过大 | 蓄电池损坏 | 电流表故障 | 充电电路故障,题库缺图,12,q_twbcy8kDv_8m,,
285,机动车仪表板上如图所示指示灯亮表示什么？,车前后位置灯亮起 | 右转向指示灯闪烁 | 左转向指示灯闪烁 | 车前后示宽灯亮起,题库缺图,12,q_y2DzBVvACXnK,,
286,机动车仪表板上如图所示指示灯亮表示什么？,右转向指示灯闪烁 | 危险报警闪光灯闪烁 | 左转向指示灯闪烁 | 车前后位置灯闪烁,题库缺图,12,q_DS_p0a92eIv0,,
287,机动车仪表板上如图所示指示灯亮表示什么？,行车制动系统出现故障 | 驻车制动器处于制动状态 | 防抱死制动系统出现故障 | 驻车制动器处于解除状态,题库缺图,12,q_R8vu69XyExKS,,
288,机动车仪表板上如图所示指示灯亮表示什么？,防抱死制动系统故障 | 驻车制动器处于解除状态 | 安全气囊处于故障状态 | 行车制动系统故障,题库缺图,12,q_ItPP0jJZanrm,,
289,机动车仪表板上如图所示指示灯亮表示什么？,制动踏板没回位 | 驻车制动解除 | 行车制动器失效 | 制动系统出现异常,题库缺图,12,q_9u0j90PNQkTt,,
290,机动车仪表板上如图所示指示灯亮表示什么？,危险报警闪光灯开启 | 前照灯开启 | 前后位置灯开启 | 前后雾灯开启,题库缺图,12,q_V88oIhvu3s3h,,
291,机动车仪表板上如图所示指示灯亮表示什么？,没有系好安全带 | 安全带出现故障 | 已经系好安全带 | 安全带系得过松,题库缺图,12,q_fJ8tTD-fGIJQ,,
292,红圈内导向箭头含义是（ ）。,指示车道 | 指示禁行 | 指示合流 | 指示直行,题库缺图,9,q_f6hODAJZm2wi,,
293,红圈内导向箭头含义是（ ）。,指示前方右转弯 | 指示前方掉头 | 指示前方直行 | 指示向左变道,题库缺图,9,q_dsfV51bOnDR-,,
294,红圈内导向箭头含义是（ ）。,指示向右转弯或掉头 | 指示直行或右转弯 | 指示直行或向右变道 | 指示直行或掉头,题库缺图,9,q_stA9ZLV7cwxv,,
295,红圈内导向箭头含义是（ ）。,指示向左转弯或掉头 | 指示直行或向左变道 | 指示直行或左转弯 | 指示直行或掉头,题库缺图,9,q_P71rgH9EGZVQ,,
296,红圈内导向箭头含义是（ ）。,指示前方可左转或掉头 | 指示前方可直行或左转 | 指示前方可直行或掉头,残缺队列,9,qi_item_KJ6amuQ-RAau,,
297,红圈内导向箭头含义是（ ）。,指示前方可直行或向左变道 | 指示前方可直行或左转 | 指示前方可直行或掉头,残缺队列,9,qi_item_nETN6mZIhVmc,,
298,红圈内导向箭头含义是（ ）。,指示车道 | 指示禁行 | 指示合流,残缺队列,9,qi_item_JVIcy8ri7Jan,,
299,红圈内导向箭头含义是（ ）。,指示前方右转弯 | 指示向左变道 | 指示前方直行 | 指示前方左转弯,残缺队列,9,qi_item_7H3-orLq4z0Y,,
300,红圈内导向箭头含义是（ ）。,指示前方右转 | 指示前方掉头 | 指示前方直行 | 指示向左变道,残缺队列,9,qi_item_RKhnS7R1dYa5,,
301,红圈内标线是（ ）。,接近移动障碍物标线 | 加宽隔离带标线 | 接近障碍物标线 | 接近狭窄路面标线,题库缺图,8,q_solb2-FmNbyb,,
302,红圈内标线是（ ）。,车行道横向减速标线 | 道路施工提示标线 | 车行道纵向减速标线 | 车道变少提示标线,题库缺图,8,q_HLDYdBn4JqxQ,,
303,红圈内标线是（ ）。,大客车专用车道 | 营运客车专用车道 | 出租车专用车道 | 公交专用车道,题库缺图,8,q_z9ZmXUNiAs7z,,
304,红圈内标线是（ ）。,禁止跨越对向车行道分界线 | 双侧可跨越同向车道分界线 | 禁止跨越同向车行道分界线 | 单侧可跨越同向车道分界线,题库缺图,8,q_4IuoBhToCB05,,
305,红圈内标线是（ ）。,可跨越对向车道分界线 | 禁止跨越对向车行道分界线 | 双侧可跨越同向车道分界线 | 单向行驶车道分界线,题库缺图,8,q_ESG-aWk9masl,,
306,红圈内标线是（ ）。,等候放行线 | 停车让行线 | 减速让行线 | 左弯待转线,题库缺图,8,q_PezTTpkZmmDw,,
307,红圈内标线是（ ）。,人行横道预告 | 车距确认标线 | 减速让行预告 | 道路出口标线,题库缺图,8,q_ddNgOObQXG3O,,
308,红圈内标线是（ ）。,小型车转弯线 | 掉头引导线 | 左弯待转区线 | 交叉路停车线,题库缺图,8,q_0KiXYggTWeA2,,
309,这个仪表是何含义？,4090100305080206010709080 | 百公里油耗表 | 速度表 | 发动机转速表,题库缺图,6,q_jo5W3k_dMTNX,,
310,这个仪表是何含义？,5 | 发动机转速表 | 行驶速度表 | 区间里程表,题库缺图,6,q_A_nMCA23MujB,,
311,这个仪表是何含义？,电流表 | 压力表 | 水温表 | 燃油表,题库缺图,6,q_mr76FmXtA62S,,
312,这个仪表是何含义？,4030508020601070 | 百公里油耗表 | 速度表 | 发动机转速表,题库缺图,6,q_NyXvRa_kzZFa,,
313,这个仪表是何含义？,百公里油耗表 | 速度和里程表 | 发动机转速表 | 最高时速值表,题库缺图,6,q_Nj3DbvRGZvFj,,
314,这个仪表是何含义？,发动机转速表 | 行驶速度表 | 区间里程表 | 百公里油耗表,题库缺图,6,q_xU3hGXBup1wa,,
315,驾驶电动汽车，图中指示灯亮起表示（ ）。,低荷电状态警告 | 正在充电 | 动力蓄电池故障 | 驱动功率限制,题库缺图,6,q_L-_36RVB2o1N,,
316,驾驶电动汽车，图中指示灯亮起表示（ ）。,胎压故障警告 | 低荷电状态警告 | 驱动电机故障 | 系统故障,题库缺图,6,q_GzJktZZW2tf8,,
317,驾驶电动汽车，图中指示灯亮起表示（ ）。,驱动功率限制 | 驱动电机故障 | 动力蓄电池故障 | 电机过热警告,题库缺图,6,q_QGx_OCWQWvJG,,
318,驾驶电动汽车，图中指示灯亮起表示（ ）。,低荷电状态警告 | 动力蓄电池高温报警 | 动力蓄电池故障 | 驱动功率限制,题库缺图,6,q_fLD_Mam0TTn1,,
319,驾驶电动汽车，图中指示灯亮起表示（ ）。,驱动功率限制 | 驱动电机故障 | 动力蓄电池故障 | 低荷电状态警告,题库缺图,6,q_5FTwshw5bD1d,,
320,驾驶电动汽车，图中指示灯亮起表示（ ）。,动力蓄电池故障 | 低荷电状态警告 | 驱动电机故障 | 系统故障,题库缺图,6,q__H905Yh3aSs-,,
321,如图所示，夜间驾驶机动车与同方向行驶的前车距离较近时，以下做法正确的是什么？,使用远光灯，有利于观察路面情况 | 禁止使用远光灯，避免灯光照射至前车后视镜造成前车驾驶人眩 | 使用远光灯，有利于告知前方驾驶人后方有来车 | 禁止使用远光灯，避免灯光照射至前车后视镜造成自己眩目,题库缺图,5,q_7QLAWoPIPhRz,,
322,如图所示，夜间驾驶机动车与同方向行驶的前车距离较近时，以下做法正确的是什么？,使用远光灯，有利于告知前方驾驶人后方有来车 | 禁止使用远光灯，避免灯光照射至前车后视镜造成自己眩目 | 禁止使用远光灯，避免灯光照射至前车后视镜造成前车驾驶人眩目,题库缺图,5,q_Rhs7n7XXUDp0,,
323,如图所示，夜间驾驶机动车与同方向行驶的前车距离较近时，以下做法正确的是什么？,使用远光灯，有利于观察路面情A况 | 禁止使用远光灯，避免灯光照射至前车后视镜造成前车驾驶人眩 | 使用远光灯，有利于告知前方驾驶人后方有来车 | 禁止使用远光灯，避免灯光至前车后视镜造成自己眩目,题库缺图,5,q_yI6sESs1QZrh,,
324,如图所示，夜间驾驶机动车与同方向行驶的前车距离较近时，以下做法正确的是什么？,使用远光灯，有利于观察路面情A况 | 禁止使用远光灯，避免灯光照射至前车后视镜造成前车驾驶人眩 | 使用远光灯，有利于告知前方驾驶人后方有来车 | 禁止使用远光灯，避免灯光照射至前车后视镜造成自己眩目,题库缺图,5,q_fwOkxiL4teo3,,
325,如图所示，夜间驾驶机动车与同方向行驶的前车距离较近时，以下做法正确的是什么？,使用远光灯，有利于观察路面情况 | 禁止使用远光灯，避免灯光照射至前车后视镜造成前车驾驶人眩目 | 使用远光灯，有利于告知前方驾驶人后方有来车,残缺队列,5,qi_item_CrTnHeOoXIKh,,
326,这一组交通警察手势是什么信号？,靠边停车信号 | 减速慢行信号 | 变道信号 | 右转弯信号,题库缺图,5,q_6XnTMlgIsfip,,
327,这一组交通警察手势是什么信号？,靠边停车信号 | 减速慢行信号 | 停止信号 | 右转弯信号,题库缺图,5,q_wSDXTztvYw76,,
328,这一组交通警察手势是什么信号？,靠边停车信号 | 左转弯待转信号 | 减速慢行信号 | 左转弯信号,题库缺图,5,q_5UbdfJ1SD6uO,,
329,这一组交通警察手势是什么信号？,直行信号 | 转弯信号 | 停止信号 | 靠边停车信号,题库缺图,5,q_zZ8AXFtDAHSV,,
330,这一组交通警察手势是什么信号？,左转弯信号 | 停止信号 | 右转弯信号 | 靠边停车信号,题库缺图,5,q_padL4aKJt09F,,
331,这属于哪一种标志？,作业区标志 | 告示标志 | 高速公路标志 | 旅游区标志,残缺队列+题库缺图,5,"q_lmGiJMlQgZAO,qi_item_sbNyyeHnQiTg",,
332,这属于哪一种标志？,警告标志 | 指路标志 | 指示标志 | 禁令标志,题库缺图,5,q_QRj9FOEicEcZ,,
333,这属于哪一种标志？,灵山16km云居寺 | 作业区标志 | 告示标志 | 高速公路标志,题库缺图,5,q_PfCNqb9a6Rs6,,
334,这属于哪一种标志？,云居寺 | 旅游区标志 | 作业区标志 | 告示标志,题库缺图,5,q_JbkH_gTLAyv7,,
335,这属于哪一种标志？,停让 | 禁令标志 | 指示标志 | 指路标志,题库缺图,5,q_0hhSmjZ87-er,,
336,图中交警手势的含义是（ ）。,左转弯待转信号 | 左转弯信号 | 减速慢行信号 | 右转弯信号,残缺队列+题库缺图,4,"q_jKrclRfsLKoL,qi_item_MwKGHu9q5LoI",,
337,图中交警手势的含义是（ ）。,右转弯信号 | 减速慢行信号 | 左转弯待转信号 | 靠边停车信号,题库缺图,4,q_VGpScb2Rgw3y,,
338,图中交警手势的含义是（ ）。,靠边停车信号 | 左转弯待转信号 | 左转弯信号 | 右转弯信号,题库缺图,4,q_2rhYglZDqsx7,,
339,图中交警手势的含义是（ ）。,靠边停车信号 | 减速慢行信号 | 变道信号 | 右转弯信号,题库缺图,4,q_pHf5k_5cR7N7,,
340,图中标志的含义是什么？,禁止机动车驶入 | 禁止运输危险品车辆驶入 | 禁止载货汽车驶入 | 禁止小型车辆驶入,题库缺图,4,q_2Phjz8P1jIpr,,
341,图中标志的含义是什么？,10t | 限制质量 | 限制轴重 | 限制速度,题库缺图,4,q_DryTWeVIEEI1,,
342,图中标志的含义是什么？,汽车拖、挂车驶入 | 禁止机动车驶入 | 禁止载货汽车驶入 | 禁止汽车拖、挂车驶入,题库缺图,4,q_3tYmOKQ8lMZq,,
343,图中标志的含义是什么？,载货汽车驶入 | 禁止载客汽车驶入 | 禁止载货汽车驶入 | 禁止机动车驶入,题库缺图,4,q_5U6vAlncqTSV,,
344,在下图所示的交通事故中，有关事故的责任认定，正确的说法是什么？,B车违反交通信号，所以B车负全责 | 车不得妨碍被放行的直行车辆，所以B车负全责 | 直行车辆不得妨碍左转车辆，所以A车负全责 | 右侧方向的车辆具有优先通权，故B车负全责,题库缺图,4,q_4wusJbDHrFbq,,
345,在下图所示的交通事故中，有关事故的责任认定，正确的说法是什么？,B车违反交通信号，所以B车负全A责 | 车不得妨碍被放行的直行车辆，所以B车负全责 | 直行车辆不得妨碍左转车辆，所以A车负全责 | 右侧方向的车辆具有优先通权，故B车负全责,题库缺图,4,q_i5848-POPEBQ,,
346,在下图所示的交通事故中，有关事故的责任认定，正确的说法是什么？,B车违反交通信号，所以B车负全A责 | 车不得妨碍被放行的直行车辆，所以B车负全责 | 直行车辆不得妨碍左转车辆，所以A车负全责 | 右侧方向的车辆具有优先通行权，故B车负全责,题库缺图,4,q_WrCFrhjXhktQ,,
347,在下图所示的交通事故中，有关事故的责任认定，正确的说法是什么？,B车违反交通信号，所以B车负全责 | B车不得妨碍被放行的直行车辆，所以B车负全责 | 直行车辆不得妨碍左转车辆，所以A车负全责 | 右侧方向的车辆具有优先通行权，故B车负全责,残缺队列,4,qi_item_hFGTFlcvyM7Q,,
348,如图所示，机动车在高速公路上因故障无法移动、停在行车道上时，驾乘人员应在哪个位置等待救援？,图中位置B | 图中位置A | 图中位置,题库缺图,4,q_8RXvNWo7JYnK,,
349,如图所示，机动车在高速公路上因故障无法移动、停在行车道上时，驾乘人员应在哪个位置等待救援？,图中位置BA | 图中位置AB | 图中位置,题库缺图,4,q_tk3X0HjnwKDq,,
350,如图所示，机动车在高速公路上因故障无法移动、停在行车道上时，驾乘人员应在哪个位置等待救援？,图中位置B | 图中位置A | 图中位置C | 图中位置D,题库缺图,4,q_jF8DReLKmk9a,,
351,如图所示，机动车在高速公路上因故障无法移动、停在行车道上时，驾乘人员应在哪个位置等待救援？,图中位置B | 图中位置A | 图中位置C,残缺队列,4,qi_item_PyGXvUlLjsRi,,
352,如图所示，直行车辆遇到前方路口堵塞，以下说法正确的是什么？,等其他机动车进入路口时跟随行驶 | 等前方道路疏通后，且信号灯为绿灯时方可继续行驶 | 可以直接驶入路口内等待通行 | 只要信号灯为绿灯，就可通,题库缺图,4,q_ACEqkC58BJbe,,
353,如图所示，直行车辆遇到前方路口堵塞，以下说法正确的是什么？,等其他机动车进入路口时跟随行A驶 | 等前方道路疏通后，且信号灯为绿灯时方可继续行驶 | 可以直接驶入路口内等待通行 | 只要信号灯为绿灯，就可通,题库缺图,4,q_dz3oIngSxpSF,,
354,如图所示，直行车辆遇到前方路口堵塞，以下说法正确的是什么？,正确 | 错误,题库缺图,4,q_i0FTNZpcHzlQ,,
355,如图所示，直行车辆遇到前方路口堵塞，以下说法正确的是什么？,等其他机动车进入路口时跟随行驶 | 等前方道路疏通后，且信号灯为绿灯时方可继续行驶 | 可以直接驶入路口内等待通行 | 只要信号灯为绿灯，就可通过,残缺队列,4,qi_item_NZQJoMM3JFQk,,
356,如图所示，驾车驶近路口时，以下说法错误的是（ ）。,因视野受阻，应鸣喇叭提醒侧方来车 | 右前方视野受阻，如有车辆冲出易引发事故 | 已车有优先通行权，无需减速 | 为避免车辆从路口冲出，应降低车速,题库缺图,4,q_SpvSRGeKVjmG,,
357,如图所示，驾车驶近路口时，以下说法错误的是（ ）。,因视野受阻，应鸣喇叭提醒侧方A来车 | 右前方视野受阻，如有车辆冲出B易引发事故 | 已车有优先通行权，无需减速 | 为避免车辆从路口冲出，应降低车速,题库缺图,4,q_NpRvBaeDxmI-,,
358,如图所示，驾车驶近路口时，以下说法错误的是（ ）。,因视野受阻，应鸣喇叭提醒侧方A来车 | 右前方视野受阻，如有车辆冲出B易引发事故 | 己车有优先通行权，无需减速 | 为避免车辆从路口冲出，应降低车速,题库缺图,4,q_MLPWyQmokRm1,,
359,如图所示，驾车驶近路口时，以下说法错误的是（ ）。,因视野受阻，应鸣喇叭提醒侧方来车 | 右前方视野受阻，如有车辆冲出易引发事故 | 己车有优先通行权，无需减速 | 为避免车辆从路口冲出，应降低车速,残缺队列,4,qi_item_WxxDEGmzQL-k,,
360,如图所示，驾驶机动车在路口遇到这种信号灯可以怎样行驶？,向左转弯 | 直行或向左转弯 | 向右转弯 | 直行D,题库缺图,4,q_aSX98rOUvHPN,,
361,如图所示，驾驶机动车在路口遇到这种信号灯可以怎样行驶？,A直行 | 向右转弯 | 直行或向左转弯 | 向左转弯,题库缺图,4,q_6qGSqJQnZnUD,,
362,如图所示，驾驶机动车在路口遇到这种信号灯可以怎样行驶？,向左转弯 | 直行或向左转弯 | 向右转弯 | 直行,题库缺图,4,q_X89VZx4hljq0,,
363,如图所示，驾驶机动车在路口遇到这种信号灯可以怎样行驶？,向左或向右转弯 | 直行或向左转弯 | 向左转弯 | 直行或向右转弯,题库缺图,4,q_paFj3rskgTVR,,
364,这属于哪一类标志？,璜塘二龙路黄河路G105G42上海25km500m500 | 指路标志 | 指示标志 | 禁令标志,题库缺图,4,q_dsgwa37DCOOG,,
365,这属于哪一类标志？,五爱街田村路田村 | 前方500m | 警告标志 | 禁令标志,题库缺图,4,q_y5SWQqpDk2hV,,
366,这属于哪一类标志？,璜塘二龙路黄河路G105G42上海25km500500 | 指路标志 | 指示标志 | 禁令标志,题库缺图,4,q_oBWIf4aclCiF,,
367,这属于哪一类标志？,指路标志 | 指示标志 | 禁令标志 | 警告标志,题库缺图,4,q_acQfHjbyEyB2,,
368,下列哪个交通标志，表示该道路仅供非机动车推行，不准骑行？,图1图2 | 图3图4 | 如图1所示 | 如图2所示,题库缺图,3,q_R0630Gv1folr,,
369,下列哪个交通标志，表示该道路仅供非机动车推行，不准骑行？,1 | 图34 | 如图1所示 | 如图2所示,题库缺图,3,q_FfIiip_7cFcb,,
370,下列哪个交通标志，表示该道路仅供非机动车推行，不准骑行？,如图1所示 | 如图2所示 | 如图3所示 | 如图4所示,残缺队列,3,qi_item_bEdZ3uFVkBM6,,
371,下列哪个标志提示驾驶人下陡坡？,图A图 | 图 | 如图中A所示 | 如图中B所示,题库缺图,3,q_GKdibRSOKoed,,
372,下列哪个标志提示驾驶人下陡坡？,图B图 | 如图中A所示 | 如图中B所示 | 如图中C所示,题库缺图,3,q_WS8RIKOBPTEe,,
373,下列哪个标志提示驾驶人下陡坡？,如图中A所示 | 如图中B所示 | 如图中C所示 | 如图中D所示,题库缺图,3,q_IdImJsVM0t1Z,,
374,下列哪个标志提示驾驶人连续弯路？,图A图 | 图 | 如图中A所示 | 如图中B所示,题库缺图,3,q_dpOaXN3LyAhp,,
375,下列哪个标志提示驾驶人连续弯路？,图B图 | 如图中A所示 | 如图中B所示 | 如图中C所示,题库缺图,3,q_XVbMVrt_sC4v,,
376,下列哪个标志提示驾驶人连续弯路？,如图中A所示 | 如图中B所示 | 如图中C所示 | 如图中D所示,题库缺图,3,q_T3pUnsHRTvSf,,
377,下列哪个标志禁止一切车辆长时间停放，但可以临时停车？,图8停 | 如图中A所示 | 如图中B所示 | 如图中C所示,题库缺图,3,q__36cZJhEWs4X,,
378,下列哪个标志禁止一切车辆长时间停放，但可以临时停车？,停 | 如图中A所示 | 如图中B所示 | 如图中C所示,题库缺图,3,q_9h6Blel14BGh,,
379,下列哪个标志禁止一切车辆长时间停放，但可以临时停车？,如图中A所示 | 如图中B所示 | 如图中C所示 | 如图中D所示,题库缺图,3,q_nWyGDxE3nyce,,
380,下列标志哪个表示一般道路车道数变少？,图A图 | 2500m | 如图中A所示 | 如图中B所示,题库缺图,3,q_So84h9BSjtLc,,
381,下列标志哪个表示一般道路车道数变少？,图 | 2500m | 如图中A所示 | 如图中B所示,题库缺图,3,q_jGhErAkK43xF,,
382,下列标志哪个表示一般道路车道数变少？,如图中A所示 | 如图中B所示 | 如图中C所示 | 如图中D所示,题库缺图,3,q_THIbgGvi5w6D,,
383,下列高速公路交通标志与其含义对应正确的一项是？,如图中A所示 | 如图中D所示 | 如图中B所示 | 如图中C所示,题库缺图,3,q_rmwn0-HFXgos,,
384,下列高速公路交通标志与其含义对应正确的一项是？,虎门高速2高速公路停车场预告高速公路起点预告 | 高速公路紧急停车带高速公路公用电话 | 如图中A所示 | 如图中B所示,题库缺图,3,q_Ez0WuJMPWqBE,,
385,下列高速公路交通标志与其含义对应正确的一项是？,虎门高速 | 高速公紧急停车带高速公路公用电话 | 如图中A所示 | 如图中B所示,题库缺图,3,q_uk9JDZfKV54y,,
386,以下哪个指示灯亮时，表示发动机温度过高？,图2图1 | 图3图4 | 图1 | 图3,题库缺图,3,q_6lcVGsiyJDNU,,
387,以下哪个指示灯亮时，表示发动机温度过高？,图1 | 图3图4 | 图3 | 图2,题库缺图,3,q_wmuVXiL8HTm6,,
388,以下哪个指示灯亮时，表示发动机温度过高？,图1 | 图3 | 图2 | 图4,题库缺图,3,q_vrHVwhBvZF6K,,
389,以下高速公路交通标志与其含义对应正确的一项是？,图1：虎门高速虎门高速2高速公路终点高速公路停车场 | 高速公路验处高速公路公用电话 | 如图1所示 | 如图2所示,题库缺图,3,q_BSTC2eWcfeFB,,
390,以下高速公路交通标志与其含义对应正确的一项是？,虎门高速 | 高速公路点 | 高公路验处高速公路公用电话 | 如图1所示,题库缺图,3,q_UYyyY4Lj7sCr,,
391,以下高速公路交通标志与其含义对应正确的一项是？,如图1所示 | 如图2所示 | 如图3所示 | 如图4所示,题库缺图,3,q_F99Uk03GbXj9,,
392,图中交通标志是指（,左侧绕行 | 单向通行 | 注意危险 | 右侧绕行,题库缺图,3,q_ZgpwMlBgGB3A,,
393,图中交通标志是指（,昌平 | 顺义 | 地点识别 | 地点指引,题库缺图,3,q_t1AUSGIBPMNd,,
394,图中交通标志是指（,S304白涧三河 | 双塔G102唐山 | 交叉路口预告 | 地点距离,题库缺图,3,q_0KnPGg45rfTk,,
395,图中交通标志是指（ ）,左侧绕行 | 单向通行 | 注意危险 | 右侧绕行,题库缺图,3,q_sU5RAchUWp5-,,
396,图中交通标志是指（ ）,注意行人 | 人行横道 | 注意儿童 | 学校区域,题库缺图,3,q_Ey6U2tXB8iME,,
397,图中交通标志是指（ ）,急弯路 | 交叉路口 | 反向弯路 | 注意合流,题库缺图,3,q_v-UExJfxotvP,,
398,在图中城市道路上行驶，最高车速是（ ）。,30km/h | 70km/hB | 50km/h | 40km/hD,题库缺图,3,q_Y40LUd-rhxXC,,
399,在图中城市道路上行驶，最高车速是（ ）。,A30km/h | 70km/hB | 50km/h | 40km/hD,题库缺图,3,q_a2Uu6Dm65TbA,,
400,在图中城市道路上行驶，最高车速是（ ）。,A30km/h | 70km/h | 50km/h | 40km/h,题库缺图,3,q_4Rr2Pzxda-w9,,
401,在路口看到这种信号灯亮时，怎样做是正确的？,尽快从直行车前方直接向左转弯 | 开启转向灯提示直行车辆减速让B行 | 不能妨碍被放行的直行车辆通行 | 开启近光灯告知直行车辆停车让行,题库缺图,3,q_et4Z5gvau02-,,
402,在路口看到这种信号灯亮时，怎样做是正确的？,尽快从直行车前方直接向左转弯 | 开启转向灯提示直行车辆减速让B行 | 不能妨碍被放行的直行车辆通行 | 开启近光灯告知直行车辆停车让D行,题库缺图,3,q_DFzusZbQufLM,,
403,在路口看到这种信号灯亮时，怎样做是正确的？,尽快从直行车前方直接向左转弯 | 开启转向灯提示直行车辆减速让行 | 不能妨碍被放行的直行车辆通行 | 开启近光灯告知直行车辆停车让行,题库缺图,3,q_vGJSG3N_sRV-,,
404,如下图所示这个符号的开关控制什么装置？,儿童安全锁 | 两侧车窗玻璃 | 电动车门 | 车门锁住开锁,题库缺图,3,q_6GHQSojGvdcs,,
405,如下图所示这个符号的开关控制什么装置？,后风窗玻璃除霜或除雾 | 前风窗玻璃刮水器及洗涤器 | 后风窗玻璃刮水器及洗涤器 | 前风窗玻璃除霜或除雾,题库缺图,3,q_ybAynLJOZdmW,,
406,如下图所示这个符号的开关控制什么装置？,前风窗玻璃刮水器 | 后风窗玻璃除霜 | 后风窗玻璃刮水器 | 前风窗玻璃除霜,题库缺图,3,q_hl0_U44toTO6,,
407,如图所示，在这起交通事故中，以下说法正确的是什么？,障碍物 | A车负全部责任 | B车负全部责任 | 各负一半责任,题库缺图,3,q_477MJFJrJQgu,,
408,如图所示，在这起交通事故中，以下说法正确的是什么？,障碍物 | A车负全部责任 | ）B车负全部责任 | 各负一半责任,题库缺图,3,q_gy2vQxGlYzYy,,
409,如图所示，在这起交通事故中，以下说法正确的是什么？,A车负全部责任 | B车负全部责任 | 各负一半责任 | 都无责任，后果自行承担,题库缺图,3,q_qSBYT4cCSJfG,,
410,如图所示，在高速公路上开车遇到图中所示情况时，以下操作不正确的是什么？,应该打开雾灯、近光灯、示廓灯、前后位灯，危险报警闪光灯 | 能见度低，应该与同车道前车保持一定距离 | 降低车速，防止紧急情况下无法及时制动 | 继续维持高速行驶，防止后面车辆堵塞,残缺队列+题库缺图,3,"q_gYetyQbvJnUp,qi_item_7u6WNuA5srgg",,
411,如图所示，在高速公路上开车遇到图中所示情况时，以下操作不正确的是什么？,应该打开雾灯、近光灯、示廓灯、A前后位灯，危险报警闪光灯 | 能见度低，应该与同车道前车保B持一定距离 | 降低车速，防止紧急情况下无法及时制动 | 继续维持高速行驶，防止后辆堵塞,题库缺图,3,q_sQ58nmErMtpj,,
412,如图所示，在高速公路上开车遇到图中所示情况时，以下操作不正确的是什么？,应该打开雾灯、近光灯、示廓灯、A前后位灯，危险报警闪光灯 | 能见度低，应该与同车道前车保持一定距离 | 降低车速，防止紧急情况下无法及时制动 | 继续维持高速行驶，防止后面车辆堵塞,题库缺图,3,q_3yQO78l3aDQZ,,
413,如图所示，驾驶机动车在没有划分车道的道路上通行，以下做法正确的是什么？,机动车在道路左侧通行，非机动车和行人随意通行 | 机动车在道路左侧通行，非机动车和行人在道路两侧通行 | 机动车在道路中间通行，非机动车和行人在道路两侧通行 | 机动车、非机动车和行人可通行,题库缺图,3,q_VQtZg1pL4klH,,
414,如图所示，驾驶机动车在没有划分车道的道路上通行，以下做法正确的是什么？,机动车在道路左侧通行，非机动车和行人随意通行 | 机动车在道路左侧通行，非机动车和行人在道路两侧通行 | 机动车在道路中间通行，非机动车和行人在道路两侧通行 | 机动车、非机动车和行人可随意通行,残缺队列+题库缺图,3,"q_zrbMjMAV9w9E,qi_item_DzNDsSVqKS-8",,
415,如图所示，驾驶机动车在没有划分车道的道路上通行，以下做法正确的是什么？,机动车在道路左侧通行，非机动A车和行人随意通行 | 机动车在道路左侧通行，非机动车和行人在道路两侧通行 | 机动车在道路中间通行，非机动车和行人在道路两侧通行 | 机动车、非机动车和行人可随意D通行,题库缺图,3,q_izb2JrujGJm6,,
416,如图所示，驾驶机动车遇到这种情况时，以下做法正确的是什么？,应停车察明水情，确认安全后，低速通过 | 应停车察明水情，确认安全后，快速通过 | 应减速观察水情，然后加速行驶通过 | 可随意通行,残缺队列+题库缺图,3,"q_Fp1v2QxBGnb_,qi_item_yzTupAznJt8t",,
417,如图所示，驾驶机动车遇到这种情况时，以下做法正确的是什么？,正确 | 错误,题库缺图,3,q_S2BiN5OtWIx9,,
418,如图所示，驾驶机动车遇到这种情况时，以下做法正确的是什么？,应停车察明水情，确认安全后，低速通过 | 应停车察明水情，确认安全后，B快速通过 | 应减速观察水情，然后加速行驶通过 | 可随意通行,题库缺图,3,q_Y-fmiSDKr7B5,,
419,如图所示，驾驶机动车遇到这种情况，以下做法正确的是什么？,减速慢行、鸣喇叭示意 | 为拓宽视野，临时占用左侧车道行驶 | 加速行驶 | 停车观察,残缺队列+题库缺图,3,"q_2nNw2nnyoale,qi_item_ruThmjExcWV2",,
420,如图所示，驾驶机动车遇到这种情况，以下做法正确的是什么？,减速慢行、鸣喇叭示意 | 为拓宽视野，临时占用左侧车道B行驶 | 加速行驶 | 停车观察,题库缺图,3,q_YaXLZ-4ID8r1,,
421,如图所示，驾驶机动车遇到这种情况，以下做法正确的是什么？,长鸣喇叭催促行人快速通过 | 开启远光灯警示行人有车辆驶近 | 降低行驶速度，避让行人 | 适当加速从行人前方绕行,残缺队列+题库缺图,3,"q_wSxAKBJkmm5T,qi_item_-ndvsa5P3bcZ",,
422,机动车仪表板上如下图所示指示灯亮表示什么？,空气内循环 | 侧面出风 | 空气外循环 | 迎面出风,题库缺图,3,q_r0dHPh_WfIJR,,
423,机动车仪表板上如下图所示指示灯亮表示什么？,空气内循环 | 地板及迎面出风 | 空气外循环 | 侧面及地板出风,题库缺图,3,q_nbmxTlXdDlrG,,
424,机动车仪表板上如下图所示指示灯亮表示什么？,空气内循环 | 空气外循环 | 迎面吹风 | 风窗玻璃除霜,题库缺图,3,q_XvDl9m4-jzdm,,
425,红圈内导向箭头含义是（,指示前方可直行或向左变道 | 指示前方可直行或左转 | 指示前方可直行或掉头 | 指示前方可左转或掉头,题库缺图,3,q_r9fQZivOkBZc,,
426,红圈内导向箭头含义是（,指示前方右转 | 指示前方掉头 | 指示前方直行 | 指示向左变道,题库缺图,3,q_j4MONL90a_pX,,
427,红圈内导向箭头含义是（,指示前方右转弯 | 指示向左变道 | 指示前方直行 | 指示前方左转弯,题库缺图,3,q_UE31kgmNdFBD,,
428,车辆使用远光灯，下列哪个指示灯会亮？,图2图1 | 图3图4 | 图1 | 图2,题库缺图,3,q_prRRjYglvTac,,
429,车辆使用远光灯，下列哪个指示灯会亮？,啡 | 图1 | 图3图4 | 图2,题库缺图,3,q_tXygYb7LfQSg,,
430,车辆使用远光灯，下列哪个指示灯会亮？,图1 | 图2 | 图3 | 图4,题库缺图,3,q_I6kop3RBtEcE,,
431,这个标志是何含义？单远,高速公路收费站 | 高速公路领卡处 | ETC收费车道 | 人工收费车道,题库缺图,3,q_UfMzGSG3K82T,,
432,这个标志是何含义？单远,正确 | 错误,题库缺图,3,q_kLmjLSsBBU9f,,
433,这个标志是何含义？单远,G105 | 国道编号 | 省道编号 | 县道编号,题库缺图,3,q_Mm3B2ORXLpL1,,
434,这个路面标记是什么标线？,禁驶区 | 网状线 | 导流线 | 中心圈,题库缺图,3,q_K9VnFcKtblhS,,
435,这个路面标记是什么标线？,禁驶区 | 网状线 | 导流线,残缺队列,3,qi_item_BxdLHiRBVEAa,,
436,这个路面标记是什么标线？,禁驶区 | 网状线 | 中心圈,残缺队列,3,qi_item_u_oJgt6wJmqx,,
437,下列哪个交通标志表示不能停车？,停检查 | 如图中A所示 | 如图中B所示 | 如图中C所示,题库缺图,2,q_RTanVkj2_xn-,,
438,下列哪个交通标志表示不能停车？,如图中A所示 | 如图中B所示 | 如图中C所示 | 如图中D所示,题库缺图,2,q_z9wuAb1UdsMu,,
439,下列哪个交通标志，表示多乘员车辆（HOV）专用车道？,图 | D图 | 如图中D所示 | 如图中B所示,题库缺图,2,q_OogmySCB4-OX,,
440,下列哪个交通标志，表示多乘员车辆（HOV）专用车道？,如图中D所示 | 如图中B所示 | 如图中C所示 | 如图中A所示,题库缺图,2,q_bKY_dcja9rsh,,
441,下列哪个交通标志，表示禁止挂车、半挂车驶入？,B图A图 | D图 | 如A图所示 | 如D图所示,题库缺图,2,q_PMLA9o9pndtu,,
442,下列哪个交通标志，表示禁止挂车、半挂车驶入？,如A图所示 | 如D图所示 | 如B图所示 | 如C图所示,题库缺图,2,q_kjRns-Dg2diT,,
443,下列哪个交通标志，表示禁止电动自行车进入？,B图A图 | D图 | 如A图所示 | 如B图所示,题库缺图,2,q_nKiI2HbGbHxZ,,
444,下列哪个交通标志，表示禁止电动自行车进入？,如A图所示 | 如B图所示 | 如C图所示 | 如D图所示,题库缺图,2,q_sF1ckdtFnrp-,,
445,下列哪个交通标志，表示该车道仅供有轨电车通行？,图 | D图 | 如图中A所示 | 如图中B所示,题库缺图,2,q_QlqQ-5hecAgA,,
446,下列哪个交通标志，表示该车道仅供有轨电车通行？,如图中A所示 | 如图中B所示 | 如图中C所示 | 如图中D所示,题库缺图,2,q_aPVOTt7Ixp0L,,
447,下列哪个指示灯亮表示车辆在使用近光灯？,图A图B图 | 如图中A所示 | 如图中B所示 | 如图中C所示,题库缺图,2,q_YKi6lolQZj48,,
448,下列哪个指示灯亮表示车辆在使用近光灯？,如图中A所示 | 如图中B所示 | 如图中C所示 | 如图中D所示,题库缺图,2,q_eiCiLbgjVf_y,,
449,下列哪种标志是驾驶机动车上路行驶应当在车上放置的标志？,A产品合格标志 | 保持车距标志 | 提醒危险标志 | 检验合格标志,题库缺图,2,q_lEFEUR9Fs0Zk,,
450,下列哪种标志是驾驶机动车上路行驶应当在车上放置的标志？,产品合格标志 | 保持车距标志 | 提醒危险标志 | 检验合格标志,题库缺图,2,q_BAgPNlvdnmSr,,
451,以下哪个仪表表示水温表？,0000 | 如图中A所示 | 如图中B所示 | 如图中C所示,题库缺图,2,q_6Nq0hsPoileM,,
452,以下哪个仪表表示水温表？,如图中A所示 | 如图中B所示 | 如图中C所示 | 如图中D所示,题库缺图,2,q_BEZdPZ84sl6O,,
453,以下哪个仪表表示燃油表？,000 | 如图中A所示 | 如图中B所示 | 如图中C所示,题库缺图,2,q_TXLKz-4I0_Iw,,
454,以下哪个仪表表示燃油表？,如图中A所示 | 如图中B所示 | 如图中C所示 | 如图中D所示,题库缺图,2,q_PRMj_f21X6sg,,
455,以下哪个指示灯亮时，表示发动机机油压力过低？,ABS | 如图中A所示 | 如图中B所示 | 如图中C所示,题库缺图,2,q_RkvUEfgz3-08,,
456,以下哪个指示灯亮时，表示发动机机油压力过低？,如图中A所示 | 如图中B所示 | 如图中C所示 | 如图中D所示,题库缺图,2,q_Eg1P9AhVItSI,,
457,以下哪个指示灯亮时，表示油箱内燃油已到最低液面？,ABS | 如图中A所示 | 如图中B所示 | 如图中C所示,题库缺图,2,q_Y4_tyFoqTQWn,,
458,以下哪个指示灯亮时，表示油箱内燃油已到最低液面？,如图中A所示 | 如图中B所示 | 如图中C所示 | 如图中D所示,题库缺图,2,q_ekVSRP1_WyDt,,
459,以下哪个指示灯亮时，表示防抱死制动系统出现故障？,ABS | 如图中A所示 | 如图中B所示 | 如图中C所示,题库缺图,2,q_uCOrIb8i9JOU,,
460,以下哪个指示灯亮时，表示防抱死制动系统出现故障？,如图中A所示 | 如图中B所示 | 如图中C所示 | 如图中D所示,题库缺图,2,q_s9ZFg383TZ89,,
461,以下哪个指示灯亮，表示当前汽车发动机温度过高或者冷却液过少？,ABS | 如图A所示 | 如图B所示 | 如图C所示,题库缺图,2,q_HhbtcnDZuCGI,,
462,以下哪个指示灯亮，表示当前汽车发动机温度过高或者冷却液过少？,如图A所示 | 如图B所示 | 如图C所示 | 如图D所示,残缺队列,2,qi_item_k3gmf0-t3oXB,,
463,以下哪个标志，表示干路先行？,图 | A如图中A所示 | 如图中B所示 | 如图中C所示,题库缺图,2,q_vVLM1DEmaZ74,,
464,以下哪个标志，表示干路先行？,如图中A所示 | 如图中B所示 | 如图中C所示 | 如图中D所示,题库缺图,2,q_yo8WQL2Oeoy3,,
465,关于图中交通事故的责任判定，以下说法正确的是（ ）。,AA车负全部责任 | 车负全部责任 | 都无责任，后果自行承担 | 各负一半责任,题库缺图,2,q_AM2xxXH-l37X,,
466,关于图中交通事故的责任判定，以下说法正确的是（ ）。,A车负全部责任 | B车负全部责任 | 都无责任，后果自行承担 | 各负一半责任,题库缺图,2,q_B_g_M9Eh2KI7,,
467,发动机起动后仪表板上如图所示指示灯亮表示什么？,发动机机油压力过高 | 发动机主油道堵塞 | 发动机机油压力过低 | 发动机曲轴箱漏气,题库缺图,2,q_Wb7HKmGMUrvP,,
468,发动机起动后仪表板上如图所示指示灯亮表示什么？,油箱内燃油已到最低液面 | 发动机供油系统出现异常 | 发动机点火系统出现故障 | 燃油泵出现异常或者故障,题库缺图,2,q_oOEvwyDup2T9,,
469,图中上路学习驾驶的自学直考车有什么违法行为？,鄂K·R1234 | 搭载随车指导人员以外的其他人员 | 学车专用标识粘贴的位置不符合B规定 | 自学人员和随车指导人员都没有系安全带,残缺队列+题库缺图,2,"q_q-Zr9O2_8D0A,flag_q_q-Zr9O2_8D0A",,
470,图中上路学习驾驶的自学直考车有什么违法行为？,搭载随车指导人员以外的其他人员 | 学车专用标识粘贴的位置不符合规定 | 自学人员和随车指导人员都没有系安全带 | 没有使用教练车在道路上进行训练,残缺队列,2,qi_item_-TcbSRLkXvq7,,
471,图中哪个报警灯亮，提示充电电路异常或故障？,ABS | 如图中A所示 | 如图中B所示 | 如图中C所示,题库缺图,2,q_dFDQ8l5L8W76,,
472,图中哪个报警灯亮，提示充电电路异常或故障？,如图中A所示 | 如图中B所示 | 如图中C所示 | 如图中D所示,题库缺图,2,q_5hkgQgu0XiLW,,
473,图中圈内白色实线是什么标线？,可变导向车道线 | 导向车道线 | ）方向引导线 | 单向行驶线,题库缺图,2,q_vxt5khWs40Wf,,
474,图中圈内白色实线是什么标线？,可变导向车道线 | 导向车道线 | 方向引导线 | 单向行驶线,题库缺图,2,q_yQZDCKbhJ2D7,,
475,图中圈内白色虚线是什么标线？,小型车转弯线 | 车道连接线 | 非机动车引导线 | 路口导向线,残缺队列+题库缺图,2,"q_y-oSoUfmiSGh,qi_item_Vq0jd3eXH-Hz",,
476,图中圈内白色虚线是什么标线？,）小型车转弯线 | 车道连接线 | 非机动车引导线 | 路口导向线,题库缺图,2,q_aMQCz-u9fN47,,
477,图中属于哪种标志？,五爱街田村路田村 | 前方500m | 警告标志 | 禁令标志,题库缺图,2,q_CU_2qUEko-bk,,
478,图中属于哪种标志？,警告标志 | 禁令标志 | 指示标志 | 指路标志,题库缺图,2,q_IaUbsxiXBmxd,,
479,图中故障车辆的违法行为是,未开启危险报警闪光灯 | 未将车停到路边 | 未立即排除故障,题库缺图,2,q_qU-NSpWpVZb_,,
480,图中故障车辆的违法行为是,未设置警告标志 | 未开启危险报警闪光灯 | 未将车停到路边 | 未立即排除故障,题库缺图,2,q_v4lGnfVNG6in,,
481,图中蓝色车这种违法的行为会被记多少分？,记1分 | 记3分 | 记6分 | 记9分,题库缺图,2,q_IFhQvHM4J6do,,
482,图中蓝色车这种违法的行为会被记多少分？,江阴南张家港26出口1m | 严禁占用应急车道 | 记1分 | 记3分,题库缺图,2,q_SOpSXl_dp-MR,,
483,在下图所示的交通事故中，有关事故责任认定，正确的说法是什么？,AB车闯红灯，所以B车负全责 | 车可以右转，但不得妨碍被放行的直行车辆，所以B车负全责 | 直行车辆不得妨碍右转车辆，所以A车负全责 | 右侧方向的车辆具有优先通行权，故A车负全责,题库缺图,2,q_It1zdvsqhFOp,,
484,在下图所示的交通事故中，有关事故责任认定，正确的说法是什么？,B车闯红灯，所以B车负全责 | B车可以右转，但不得妨碍被放行的直行车辆，所以B车负全责 | 直行车辆不得妨碍右转车辆，所以A车负全责 | 右侧方向的车辆具有优先通行权，故A车负全责,残缺队列,2,qi_item_b7PXI-hERudN,,
485,在图中位置停车会被记多少分？,10米 | 12分 | 3分 | 1分,题库缺图,2,q_b0lE-QvdJXhq,,
486,在图中位置停车会被记多少分？,12分 | 3分 | 1分 | 不记分,题库缺图,2,q_0GWAoOIj-vmQ,,
487,在标志、标线齐全的高速公路上行车，应当按照什么规定的车道和车速行驶？,标志或标线 | 《道路交通安全法》 | ）车辆说明书 | 地方法规,题库缺图,2,q_IU3TH-XvrDuO,,
488,在标志、标线齐全的高速公路上行车，应当按照什么规定的车道和车速行驶？,标志或标线 | 《道路交通安全法》 | 车辆说明书 | 地方法规,题库缺图,2,q_s6miIoXxlzXo,,
489,在高速公路上行驶，遇到图中车辆无法继续行驶，应怎样放置危险警告标志？,在车后50米处放置警告标志 | 在车后50米至100米处放置警告B标志 | 在车后150米以外放置警告标志 | 根据道路交通情况在适当位置放置警告标志,题库缺图,2,q_QoYaQ1aCdMsS,,
490,在高速公路上行驶，遇到图中车辆无法继续行驶，应怎样放置危险警告标志？,在车后50米处放置警告标志 | 在车后50米至100米处放置警告标志 | 在车后150米以外放置警告标志 | 根据道路交通情况在适当位置放置警告标志,残缺队列,2,qi_item_h_KBOtGc65lD,,
491,在高速公路行驶，遇到图中所示的车辆无法继续行驶，应怎样放置危险警告标志？,在车后50米处放置警告标志 | 在车后50米至100米处放置警告标志 | 在车后150米以外放置警告标志 | 根据道路交通情况在适当位置放置警告标志,题库缺图,2,q_hDfvTqkYWa1D,,
492,在高速公路行驶，遇到图中所示的车辆无法继续行驶，应怎样放置危险警告标志？,在车后50米处放置警告标志 | 在车后50米至100米处放置警告B标志 | 在车后150米以外放置警告标志 | 根据道路交通情况在适当位置放置警告标志,题库缺图,2,q_eHML1yooUdl9,,
493,如图所示，以下哪类车辆可以在黄色虚线标记的车道中行驶？,公交车 | 出租车 | 小客车 | 摩托车,题库缺图,2,q_SHNpvHvQbJXB,,
494,如图所示，以下哪类车辆可以在黄色虚线标记的车道中行驶？,专交公 | 公交车 | 出租车 | 摩托车,题库缺图,2,q_DIdIoidq7O2v,,
495,如图所示，前方有车辆从主路进入辅路时，怎么做是正确的？,减速或停车让主路驶出的车辆先进入辅路 | 鸣喇叭告知进入辅路的车辆停车让行 | 只要不影响主路驶出的车辆正常行驶就可加速通过 | 在辅路行驶的车辆有优先通行权，不用减速行驶,残缺队列+题库缺图,2,"q_Y8yYO79oyoUP,qi_item_TvI0n8mg3XN6",,
496,如图所示，前方有车辆从主路进入辅路时，怎么做是正确的？,减速或停车让主路驶出的车辆先进入辅路 | 鸣喇叭告知进入辅路的车辆停车B让行 | 只要不影响主路驶出的车辆正常行驶就可加速通过 | 在辅路行驶的车辆有优先通行权，不用减速行驶,题库缺图,2,q_oxE_7r9JJ5Sk,,
497,如图所示，图中箭头所指的仪表是什么？,403080706020601070 | 百公里油耗表 | 发动机转速表 | 区间里程表,题库缺图,2,q_L7WnB7aYooiO,,
498,如图所示，图中箭头所指的仪表是什么？,百公里油耗表 | 发动机转速表 | 区间里程表 | 行驶速度表,题库缺图,2,q_0X_A-QIe4I2K,,
499,如图所示，在同向三车道高速公路上行车，车速高于每小时110公里的车辆应在哪条车道上行驶？,行车道行车道 | 中间车道 | 最右侧车道 | 最左侧车道,题库缺图,2,q_Hqxmr2oL2Z2O,,
500,如图所示，在同向三车道高速公路上行车，车速高于每小时110公里的车辆应在哪条车道上行驶？,中间车道 | 最右侧车道 | 最左侧车道 | 哪条都行,残缺队列,2,qi_item_oxP57ps0Ad1d,,
501,如图所示，在没有道路中心线的城市道路上驾驶机动车，最高行驶速度不得超过每小时多少公里？,30 | 40 | 50 | 20,残缺队列+题库缺图,2,"q_SFHYkYY_qsdV,qi_item_XFKakhck0mcw",,
502,如图所示，在没有道路中心线的城市道路上驾驶机动车，最高行驶速度不得超过每小时多少公里？,30 | 50 | 20,题库缺图,2,q_syA3RhgETAfj,,
503,如图所示，在高速公路最左侧车道行驶，想驶离高速公路，以下说法正确的是什么？,204海安 | 立即减速后向右变更车道 | 为了快速变更车道，可以加速超B越右侧车辆变更车道 | 每次变更一条车道，直到最右侧车道,题库缺图,2,q_GgGvJJGBJwBB,,
504,如图所示，在高速公路最左侧车道行驶，想驶离高速公路，以下说法正确的是什么？,立即减速后向右变更车道 | 为了快速变更车道，可以加速超越右侧车辆变更车道 | 每次变更一条车道，直到最右侧车道 | 找准机会一次变更到右侧车道,残缺队列+题库缺图,2,"q_FSif9frEqluH,qi_item_DAeAvx4JORx_",,
505,如图所示，夜间驾驶机动车右转弯之前要稍微向右后方回头观察，主要目的是为了确认以下哪种情况？,观察右后方盲区内是否有其他车辆和行人 | 确认本车是否开启右转向灯 | 确认本车是否在右转弯车道内 | 确认前方直行信号灯是否是绿灯,题库缺图,2,q_kzUREKy3-fOK,,
506,如图所示，夜间驾驶机动车右转弯之前要稍微向右后方回头观察，主要目的是为了确认以下哪种情况？,观察右后方盲区内是否有其他车辆和行人 | 确认本车是否开启右转向灯 | 确认本车是否在右转弯车道内,残缺队列,2,qi_item_Rc8BKuJI66wc,,
507,如图所示，蓝色车辆遇到图中情形时，下列做法正确的是？,按照前方交通信号灯指示直接通行 | 鸣喇叭提醒，让学生队伍中空出一个缺口，从缺口中穿行过去 | 停车等待，直到学生队伍完全通过 | 鸣喇叭，催促还未通过的学生加快速度通过,残缺队列+题库缺图,2,"q_rLv7GxwxXkmc,qi_item_qhMGX9Jll3L1",,
508,如图所示，蓝色车辆遇到图中情形时，下列做法正确的是？,按照前方交通信号灯指示直接通A行 | 鸣喇叭提醒，让学生队伍中空出B一个缺口，从缺口中穿行过去 | 停车等待，直到学生队伍完全通过 | 鸣喇叭，催促还未通过的学生加快速度通过,题库缺图,2,q_dLw2Yn2ZGkPG,,
509,如图所示，该机动车在应急车道内停车，以下说法正确的是什么？①未开启危险报警闪光灯②警告标志放置距离不足150米③车上人员未转移到安全区域,①②③ | ①② | ①③ | ②③,题库缺图,2,q_oHwfMRaYatnr,,
510,如图所示，该机动车在应急车道内停车，以下说法正确的是什么？①未开启危险报警闪光灯②警告标志放置距离不足150米③车上人员未转移到安全区域,①②③ | ①② | ②③,残缺队列,2,qi_item_5u22-yHPRAb0,,
511,如图所示，驾驶小型载客汽车在高速公路上行驶，同方向有2条车道的，左侧车道的最低车速为每小时多少公里？,100 | 80 | 110 | 90,题库缺图,2,q_EfFUFBrQRmua,,
512,如图所示，驾驶小型载客汽车在高速公路上行驶，同方向有2条车道的，左侧车道的最低车速为每小时多少公里？,80 | 90,残缺队列,2,qi_item_0Pv5zp2tMBhX,,
513,如图所示，驾驶机动车在同方向只有1条机动车道的城市道路上行驶，最高行驶速度不得超过每小时多少公里？,30公里/小时 | 40公里/小时 | 50公里/小时 | 70公里/小时,残缺队列+题库缺图,2,"q_Cp4tDVxXDgzL,qi_item_HJc5XQ7OHxrf",,
514,如图所示，驾驶机动车在同方向只有1条机动车道的城市道路上行驶，最高行驶速度不得超过每小时多少公里？,）30公里/小时 | 40公里/小时 | 50公里/小时 | 70公里/小时,题库缺图,2,q_WBQAwZhXVBk0,,
515,如图所示，驾驶机动车在遇这种情况时，我方车辆不能超越是因为什么？,前车正在超车 | 路中心为黄线 | 我方车速不足以超越前车 | 前车速度过快,题库缺图,2,q_X3LxG5ODESm_,,
516,如图所示，驾驶机动车在遇这种情况时，我方车辆不能超越是因为什么？,前车正在超车 | 我方车速不足以超越前车 | 前车速度过快 | 路中心线为黄线,残缺队列+题库缺图,2,"q_TZ666ej3H417,qi_item_90gI_rrfB3j7",,
517,如图所示，驾驶机动车在高速公路上因故障停车，以下说法正确的是什么？①该车未开启危险报警闪光灯②该驾驶人设置的警告标志与车辆之间的距离不足150米③该车骑压应急车道分界线，未完全停在应急车道内,①② | ①②③ | ①③ | ②③,题库缺图,2,q_NoUGnvmKS0Ky,,
518,如图所示，驾驶机动车在高速公路上因故障停车，以下说法正确的是什么？①该车未开启危险报警闪光灯②该驾驶人设置的警告标志与车辆之间的距离不足150米③该车骑压应急车道分界线，未完全停在应急车道内,①② | ①②③ | ①③,残缺队列,2,qi_item_0Jg1429SmKmo,,
519,如图所示，驾驶机动车行驶至车道减少的路段时，遇前方机动车排队等候或行驶缓慢时，以下做法正确的是什么？,右侧车让左侧车先行 | 每车道一辆依次交替驶入左侧车道 | 左侧车让右侧车先行 | 右侧车寻找空隙提前进入左道,题库缺图,2,q_-oPgiKXICb3s,,
520,如图所示，驾驶机动车行驶至车道减少的路段时，遇前方机动车排队等候或行驶缓慢时，以下做法正确的是什么？,右侧车让左侧车先行 | 每车道一辆依次交替驶入左侧车道 | 左侧车让右侧车先行 | 右侧车寻找空隙提前进入左侧车道,残缺队列+题库缺图,2,"q_7vjc9_MQCPJb,qi_item_c2X59L1cvb4A",,
521,如图所示，驾驶这辆机动车能否进入高速公路行驶？,有取得该车型驾驶证驾驶人随车指导可以进入 | 在持该车型驾驶证3年以上的驾驶人陪同下充许进入 | 取得准驾该车型驾驶证的驾驶人可以独立驾驶进入 | 在高速公路收费人员许可的前提下通过收费口进入,题库缺图,2,q_caS4jkUujVEf,,
522,如图所示，驾驶这辆机动车能否进入高速公路行驶？,有取得该车型驾驶证驾驶人随车指导可以进入 | 在持该车型驾驶证3年以上的驾驶人陪同下允许进入 | 取得准驾该车型驾驶证的驾驶人可以独立驾驶进入 | 在高速公路收费人员许可的前提下通过收费口进入,残缺队列,2,qi_item_pA2TzhDJXPwk,,
523,机动车仪表板上如下图指示灯亮表示什么？,迎面出风 | 空气外循环 | 空气内循环 | 风窗玻璃除霜,题库缺图,2,q_TcwWmCQ0xxvx,,
524,机动车仪表板上如下图指示灯亮表示什么？,两侧车门开启 | 行李舱开启 | 发动机舱开启 | 燃油箱盖开启,题库缺图,2,q_pUHArxQyFXBe,,
525,机动车仪表板上这个符号如下图所示表示什么？,考宝典 | 冷风暖气风扇 | 空调制冷 | 空气循环,题库缺图,2,q_KIwhdyYbHobF,,
526,机动车仪表板上这个符号如下图所示表示什么？,冷风暖气风扇 | 空调制冷 | 空气循环 | 雪地起步模式,题库缺图,2,q_XvHN9hdooQEW,,
527,机动车仪表板上这个符号如图所示表示什么？,近光灯开关 | 远光灯开关 | 车灯总开关 | 后雾灯开关,题库缺图,2,q_6MSREI27KxeJ,,
528,机动车仪表板上这个符号如图所示表示什么？,一侧车门开启 | 行李舱开启 | 发动机舱开启 | 燃油箱盖开启,题库缺图,2,q_LnfZQuR5NGkQ,,
529,看到路口这种信号灯亮时，怎样做是正确的？,在确保通行安全的情况下加速通A过路口 | 停在路口停止线以外等待下一个绿灯信号 | 不妨碍被放行车辆、行人通行也不能右转弯 | 不妨碍被放行车辆、行人通行可以直行通过,题库缺图,2,q_jFs8_Y2je1i3,,
530,看到路口这种信号灯亮时，怎样做是正确的？,在不妨碍放行车辆、行人的情况A下，可以通行 | 在不妨碍放行车辆、行人的情况下，可以直行 | 在不妨碍放行车辆、行人的情况下，可以左转 | 在不妨碍放行车辆、行人的情况下，可以右转,题库缺图,2,q_-DBvdFu2Yrm3,,
531,红圈内的符号表示（ ）。,前风窗玻璃刮水器 | 后风窗玻璃除霜 | 后风窗玻璃刮水器 | 前风窗玻璃除霜,题库缺图,2,q_cn_w6JLusyVR,,
532,红圈内的符号表示（ ）。,前风窗玻璃刮水器及洗涤器 | 后风窗玻璃除霜或除雾 | 后风窗玻璃刮水器及洗涤器 | 前风窗玻璃除霜或除雾,题库缺图,2,q_V9fvtO6YvKcp,,
533,红圈内路面标记表示该车道,120100 | 80100 | 最低限速为80公里/小时 | 平均速度为80公里/小时,题库缺图,2,q_M8Gzpox9CAUa,,
534,红圈内路面标记表示该车道,100180 | 最低限速为100公里/小时 | 平均速度为100公里/小时 | 解除100公里/小时限速,题库缺图,2,q_R6eo4s-r-g7_,,
535,红圈内路面标记表示该车道（ ）。,最低限速为100公里/小时 | 平均速度为100公里/小时 | 解除100公里/小时限速,残缺队列,2,qi_item_OkUvE9PDumWG,,
536,红圈内路面标记表示该车道（ ）。,最低限速为80公里/小时 | 平均速度为80公里/小时 | 解除80公里/小时限速,残缺队列,2,qi_item_NzLtBKz-tXJo,,
537,红圈内路面标记表示（ ）。,自行车专用道 | 非机动车道 | 摩托车专用道 | 电瓶车专用道,题库缺图,2,q_ZvVoZj5kHCae,,
538,红圈内路面标记表示（ ）。,自行车专用道 | 非机动车道,残缺队列,2,qi_item_PSlMwPxYpEYU,,
539,红色圆圈内标线含义是什么？,临时停靠站 | 大客车停靠站 | 公交车停靠站 | 应急停车带,题库缺图,2,q_-8pki1Gy_HqQ,,
540,红色圆圈内标线含义是什么？,临时停靠站 | 港湾式停靠站 | 应急停车带 | 公交车停靠站,题库缺图,2,q_GBZwnwqPXntZ,,
541,行车中仪表板上如图所示指示灯亮表示什么？,正确 | 错误,题库缺图,2,q_W1Zo_EZxUW-y,,
542,行车中仪表板上如图所示指示灯亮表示什么？,发动机温度过低 | 发动机温度过高 | 发动机冷却系统故障 | 发动机润滑系统故障,题库缺图,2,q_U_XrozU0HzBE,,
543,请判断一下，图中黄色小型汽车的违法行为是什么？,鄂K·R1234 | 强行从右侧超车 | 越黄线行驶 | 占用专用车道,残缺队列+题库缺图,2,"q_lDDvel4VQpGz,flag_q_lDDvel4VQpGz",,
544,请判断一下，图中黄色小型汽车的违法行为是什么？,强行从右侧超车 | 越黄线行驶 | 占用专用车道 | 未开启右转向灯,题库缺图,2,q_dmNr-1jNF5TU,,
545,请判断一下，这是什么手势？,不准前方车辆通行手势 | 准许右方直行车辆通过手势 | 准许车辆左转弯手势 | 准许车辆右转弯手势,题库缺图,2,q_Q_5hU0N0JMFi,,
546,请判断一下，这是什么手势？,不准前方车辆通行手势 | 准许右方直行车辆通过手势 | 准许车辆左转弯手势 | 准许右方车辆右转弯手势,题库缺图,2,q_U4Q_1LOMnG0p,,
547,路面上导向箭头是何含义？,提示前方有左弯或需向左合流 | 提示前方有右弯或需向右合流 | 提示前方有障碍需向左合流 | 提示前方有左弯或需向左绕行,残缺队列+题库缺图,2,"q_kjZBbms2ancR,qi_item_j5tSJeOBx_Cn",,
548,路面上导向箭头是何含义？,指示前方道路是Y形交叉口 | 指示前方道路是分离式道路 | 指示前方道路仅可左右转弯 | 指示前方道路需向左右合流,残缺队列+题库缺图,2,"q_rHOPNf4TD1yh,qi_item_PhppSbCLQyrf",,
549,路面上的菱形块虚线是何含义？,车行道纵向减速标线 | 道路施工提示标线 | 车行道横向减速标线 | 车道变少提示标线,题库缺图,2,q_w9ZjJS2hSkzD,,
550,路面上的菱形块虚线是何含义？,车行道纵向减速标线 | 道路施工提示标线,残缺队列,2,qi_item__gK-ZTWaKn04,,
551,车辆因故障必须在高速公路停车时，应在车后方至少多少米处设置故障警告标志？,25 | 50,题库缺图,2,q_Zst7GG702tJ0,,
552,车辆因故障必须在高速公路停车时，应在车后方至少多少米处设置故障警告标志？,150 | 25 | 100 | 50,题库缺图,2,q_eXbbYR-tjirT,,
553,这个标志是何含义？选,小型汽车专用车道 | 机动车专用车道 | 多乘员车辆专用车道 | 出租汽车专用车道,题库缺图,2,q_zv4gI1PRUgBQ,,
554,这个标志是何含义？选,正确 | 错误,题库缺图,2,q_qoKZY-sYuL9B,,
555,这个标志预告什么？,南口 | 高速公路服务区预告 | 高速公路避险处预告 | 高速公路客车站预告,题库缺图,2,q_xQaOf7EKEooF,,
556,这个标志预告什么？,高速公路服务区预告 | 高速公路避险处预告 | 高速公路客车站预告 | 高速公路停车场预告,残缺队列,2,qi_item__inxPDPEXNaS,,
557,这是什么交通标志？,易滑路段 | 急转弯路 | 反向弯路 | 连续弯路,题库缺图,2,q_Z7lHN4EF6yDN,,
558,这是什么交通标志？,两侧变窄 | 右侧变窄 | 左侧变窄 | 桥面变窄,题库缺图,2,q_5ffkdbVPeKFh,,
559,这种白色矩形标线框含义是什么？,长时停车位 | 限时停车位 | ）专用停车位 | 免费停车位,题库缺图,2,q_yVfDMiH7jciM,,
560,这种白色矩形标线框含义是什么？,长时停车位 | 限时停车位 | 专用停车位 | 免费停车位,题库缺图,2,q_OTlZxqlVzr4_,,
561,遇到下列哪个标志，你不需要主动让行？,停让 | 如图中A所示 | 如图中B所示 | 如图中C所示,题库缺图,2,q_qAa73qN-s7MD,,
562,遇到下列哪个标志，你不需要主动让行？,如图中A所示 | 如图中B所示 | 如图中C所示 | 如图中D所示,题库缺图,2,q_jmF0EAVfFQzE,,
563,遇到图中所示信号灯亮着，但栏杆还没落下，应怎样行驶？,只要栏杆还没落下就继续行驶 | 如果没有看到列车驶来，可以加B速横过道口 | 在道口的停止线以外停车等待 | 如果已过道口停止线，就可以急速通过,题库缺图,2,q_XYm5Lbfugk9W,,
564,遇到图中所示信号灯亮着，但栏杆还没落下，应怎样行驶？,只要栏杆还没落下就继续行驶 | 如果没有看到列车驶来，可以加速横过道口 | 在道口的停止线以外停车等待 | 如果已过道口停止线，就可以急速通过,题库缺图,2,q_WJvhdzi9OOA4,,
565,遇到图中所示的情景，怎么做是正确的？,学校 | 提前变更到中间车道超越 | 提前变更到最左侧车道超越 | 停在校车后方使用灯光催促,题库缺图,2,q_9gHNr_epy_Lg,,
566,遇到图中所示的情景，怎么做是正确的？,借左侧车道超越校车 | 变换远近光灯催促校车离开 | 停在校车后面等待 | 鸣喇叭催促校车离开,题库缺图,2,q_NeW263nH6Bgw,,
567,遇到这种信号灯亮时，以下哪种是正确的做法？,在不妨碍放行车辆、行人的情况A下，可以通行 | 在不妨碍放行车辆、行人的情况B下，可以直行 | 在不妨碍放行车辆、行人的情况下，可以左转 | 在不妨碍放行车辆、行人的情况下，可以右转,题库缺图,2,q_pLZCJguY11V-,,
568,遇到这种信号灯亮时，以下哪种是正确的做法？,在不妨碍放行车辆、行人的情况下，可以通行 | 在不妨碍放行车辆、行人的情况下，可以直行 | 在不妨碍放行车辆、行人的情况下，可以左转 | 在不妨碍放行车辆、行人的情况下，可以右转,残缺队列,2,qi_item_nbNIjtVbiGCb,,
569,道路最左侧白色虚线区域是何含义？,员 | 多乘员车辆专用车道 | 小型客车专用车道 | 未载客出租车专用车道,题库缺图,2,q_VX8IywMTsq7S,,
570,道路最左侧白色虚线区域是何含义？,多乘员车辆专用车道 | 小型客车专用车道 | 未载客出租车专用车道 | 大型客车专用车道,题库缺图,2,q_IWqNzfoIubL4,,
571,驾车通过有交通信号灯控制的交叉路口，以下说法错误的是（ ）。,在划有导向车道的路口，按所需行进方向驶入导向车道 | 转弯时开启转向灯，夜间行驶开启近光灯 | 已在环形路口内的让准备进入路口的机动车先行 | 应当按照交通信号灯、交通标志、交通标线或者交通警察的指挥通过,题库缺图,2,q_Kd6Ph4Sg2rbL,,
572,驾车通过有交通信号灯控制的交叉路口，以下说法错误的是（ ）。,在划有导向车道的路口，按所需A行进方向驶入导向车道 | 转弯时开启转向灯，夜间行驶开B启近光灯 | 已在环形路口内的让准备进入路口的机动车先行 | 应当按照交通信号灯、交通标志、交通标线或者交通警察的指挥通过,题库缺图,2,q_ZFueyji5pzHr,,
573,驾驶机动车通过未设置交通信号灯的交叉路口时，下列说法错误的是什么？,转弯的机动车让直行的车辆、行人先行 | 没有交通标志、标线控制时，在进入路口前停车瞭望，让右方道路的来车先行 | 相对方向行驶的右转弯机动车让左转弯的车辆先行 | 相对方向行驶的左转弯机动车让右转弯的车辆先行,题库缺图,2,q_yOmdLR8TnU3P,,
574,驾驶机动车通过未设置交通信号灯的交叉路口时，下列说法错误的是什么？,转弯的机动车让直行的车辆、行A人先行 | 没有交通标志、标线控制时，在进入路口前停车瞭望，让右方道路的来车先行 | 相对方向行驶的右转弯机动车让左转弯的车辆先行 | 相对方向行驶的左转弯机动车让右转弯的车辆先行,题库缺图,2,q_1JN1nUE7iF4G,,
575,驾驶这种自学直考机动车上路学习驾驶，需符合什么条件？,鄂KR8430 | 有随车人员指导 | 取得学习驾驶证明 | 符合自学直考规定,残缺队列+题库缺图,2,"q_ilr5A2aKKZAR,flag_q_ilr5A2aKKZAR",,
576,驾驶这种自学直考机动车上路学习驾驶，需符合什么条件？,有随车人员指导 | 取得学习驾驶证明 | 符合自学直考规定 | 没有条件限制,残缺队列,2,qi_item_iPjg5nzTds9B,,
577,__HASHPROBE__ 这是一道一次性测试题，用于验证补图指纹落库,甲 | 乙,题库缺图,1,q_9KWI5LV5jbiK,,
578,上下拨动图中开关，前挡风玻璃刮水器开始工作。,正确 | 错误,题库缺图,1,q_dFvgD2VuyhNv,,
579,上路行驶的机动车未放置检验合断格标志的，交通警察可依法扣留机动车。,正确 | 错误,题库缺图,1,q__mWy-1cv3cY8,,
580,上路行驶的机动车未放置检验合格标志的，交通警察可依法扣留机动车。,正确 | 错误,题库缺图,1,q_P6NnWQH7wd4P,,
581,下列关于图中所示信号灯的含义正确的是（ ）。,路口警示 | 禁止通行 | 准许通行 | 提醒注意,题库缺图,1,q_VNnrmP5tjYLp,,
582,下列哪个交通标志表示不能停,停检查 | 如图中A所示 | 如图中B所示 | 如图中C所示,题库缺图,1,q_ye0PjuLjm52g,,
583,下列哪个交通标志，用以指引无障碍设施的位置？,如图中A所示 | 如图中B所示 | 如图中C所示 | 如图中D所示,题库缺图,1,q_gH-aacy9H_U7,,
584,下列哪个交通标志，表示此处仅允许残疾人驾驶的车辆停放？,如图中D所示 | 如图中B所示 | 如图中A所示 | 如图中C所示,题库缺图,1,q_hfVr2z2axaAI,,
585,下列哪个交通标志，表示此处仅充许残疾人驾驶的车辆停放？,PP | 如图中D所示 | 如图中B所示 | 如图中A所示,题库缺图,1,q_XuHCPVT2JLVJ,,
586,下列哪个交通标志，表示硬路肩允许行驶路段即将结束，车辆应尽快,如图中D所示 | 如图中B所示 | 如图中A所示 | 如图中C所示,题库缺图,1,q_f64Ttr8Vv0O4,,
587,下列哪个交通标志，表示硬路肩允许行驶路段即将结束，车辆应尽快合流？,如图中D所示 | 如图中B所示 | 如图中A所示 | 如图中C所示,残缺队列+题库缺图,1,"q_KvBx6rWCA0b7,qi_item_sBLYVuihp2bG",,
588,下列哪个标志为最低限速标志？,如图中A所示 | 如图中B所示 | 如图中C所示 | 如图中D所示,题库缺图,1,q_wZiDNMktBvIm,,
589,下列哪个标志为最低限速标志？图850,如图中A所示 | 如图中B所示 | 如图中C所示 | 如图中D所示,题库缺图,1,q_3NXWfiakfkiK,,
590,下列哪个标志为最低限速标志？图A50,图 | 如图中A所示 | 如图中B所示 | 如图中C所示,题库缺图,1,q_6-8DCycjPOms,,
591,下列哪个标志表示前方车道数量减少？,如图中B所示 | 如图中C所示 | 如图中A所示 | 如图中D所示,题库缺图,1,q_JKxD8J6V7K20,,
592,下列哪个标志表示的是直行车道？,如图A所示 | 如图C所示 | 如图B所示 | 如图D所示,题库缺图,1,q_1jehC2JbWnmx,,
593,下列选项中，车辆交通标志识别系统的正确英文缩写是什么？,TSR | AEB | TRC | ACC,题库缺图,1,q_Drub-g31XYcV,,
594,下面哪个标志表示注意路面不平？,图① | 图② | 图③ | 图④,题库缺图,1,q_fR_O17QvQh8W,,
595,专属停车位的停车标线一般用什么颜色表示？,蓝色 | 白色 | 黄色 | 红色,题库缺图,1,q_p6Lk3VLT9Wy4,,
596,交叉路口最前端的双白实线为减速让行线。,正确 | 错误,题库缺图,1,q_G1N2uBqF7nYJ,,
597,交通事故管理区的“警戒区”采用黄色警示标志，主要作用是提醒车辆减速慢行，避免干扰事故处置。,正确 | 错误,题库缺图,1,q_-K14A0NYh779,,
598,交通信号包括交通信号灯、交通标志、交通标线和交通警察的指挥。,正确 | 错误,题库缺图,1,q_LrT6RguA-qLF,,
599,交通信号灯由红灯、绿灯和黄灯组成。,正确 | 错误,题库缺图,1,q_wzlpeC-uQN3y,,
600,交通标志和交通标线不属于交通信号。,正确 | 错误,题库缺图,1,q_Pze6grvMjJbt,,
601,交通标志和交通标线不属新规题于交通信号。,正确 | 错误,题库缺图,1,q_LocHgSfrR8ZP,,
602,交通警察对未放置保险标志上道路行驶的车辆可依法扣留行驶证。,正确 | 错误,题库缺图,1,q_dp8mSwsqRhqx,,
603,交通警察手势信号是所有交通信号（信号灯、标志、标线等）中法律效力最强的一种信号。,正确 | 错误,题库缺图,1,q_pD0o9Is_9yYD,,
604,以70公里/小时的速度在没有限速标志的同向3车道的高速公路上行驶，应该走哪个车道？,最左侧车道 | 中间车道 | 最右侧车道 | 以上均可,题库缺图,1,q_DhSKUik9q4oD,,
605,以下交通标志中表示最低限速的,10t6060 | 图2图3图1 | 图2 | 图3,题库缺图,1,q_MCeHJavvpzUQ,,
606,以下交通标志中表示最低限速的是（ ）。,图2 | 图3 | 图1 | 图4,题库缺图,1,q_aVdjDlyfW5hu,,
607,以下交通标志中表示直行和右转合用车道的是（ ）。,如图中A所示 | 如图中B所示 | 如图中C所示 | 如图中D所示,题库缺图,1,q_ky5vgDyp5Bua,,
608,以下交通标志中，表示禁止一切车辆和行人通行的是？,如图中A所示 | 如图中B所示 | 如图中C所示 | 如图中D所示,题库缺图,1,q_9jgT_VzUBA7X,,
609,以下交通标志表示单行线的是哪一项？,如图A所示 | 如图B所示 | 如图C所示 | 如图D所示,题库缺图,1,q_7JAI62xNUvhL,,
610,以下交通标志表示的含义是什么？,禁止机动车驶入 | 禁止小客车驶入 | 禁止所有车辆驶入 | 禁止非机动车驶入,题库缺图,1,q_K1HihaEJvKGT,,
611,以下交通标志表示除小客车和货车外，其他车辆可以直行。,正确 | 错误,题库缺图,1,q_xSM3pxfKo8fo,,
612,以下交通标志表示除载货汽车和拖拉机外，其他车辆可以直行。,正确 | 错误,残缺队列+题库缺图,1,"q_QVv3aJYewUw-,qi_item_oeOo7dQfAnaF",,
613,以下哪个仪表表示发动机转速图A,10000图图 | 如图中A所示 | 如图中B所示 | 如图中C所示,题库缺图,1,q_aRf4-Lzvz0FY,,
614,以下哪个仪表表示发动机转速表？,如图中A所示 | 如图中B所示 | 如图中C所示 | 如图中D所示,题库缺图,1,q_tlHsvif4Q_mx,,
615,以下哪个仪表表示水温表？图A,图 | 如图中A所示 | 如图中B所示 | 如图中C所示,题库缺图,1,q_y1DTA7VsJ86b,,
616,以下哪个仪表表示燃油表？图A,图 | 如图中A所示 | 如图中B所示 | 如图中C所示,题库缺图,1,q_pxv4-jkFDyZV,,
617,以下哪个仪表表示速度和里程表？,如图中A所示 | 如图中B所示 | 如图中C所示 | 如图中D所示,题库缺图,1,q_UdrHEpRoDgbs,,
618,以下哪个信号灯闪烁表示前方是危险路段？,图① | 图② | 图③ | 图④,题库缺图,1,q_SK_QMg1vU3DT,,
619,以下哪个指示灯亮时，提醒驾驶人安全带插头未插入锁扣？,如图中A所示 | 如图中B所示 | 如图中C所示 | 如图中D所示,题库缺图,1,q_9efWxaqSVdo9,,
620,以下哪个指示灯亮时，表示当前汽车发动机温度过高或冷却液过少？,ABS | 如图A所示 | 如图B所示 | 如图C所示,题库缺图,1,q_DHFBU7eX1Z2p,,
621,以下哪个标志提示注意路面低洼？,图① | 图② | 图③ | 图④,题库缺图,1,q_jFt3ieINWm1r,,
622,以下哪个标志表示注意路面不平？,图① | 图② | 图③ | 图④,题库缺图,1,q_rlxSpnrUZeXv,,
623,以下哪个标志表示注意驼峰桥？,图① | 图② | 图③ | 图④,题库缺图,1,q_80zYMoT4ipkU,,
624,以下哪个标志，表示干路先行？图A图B,如图中A所示 | 如图中B所示 | 如图中C所示 | 如图中D所示,题库缺图,1,q_6xXPRPt87vwi,,
625,以下安全带系法正确的是？图A图B,图 | 如图中A所示 | 如图中B所示 | 如图中C所示,题库缺图,1,q_4_Szbr4vB9Ky,,
626,以下安全带系法正确的是？选图A图B,正确 | 错误,题库缺图,1,q_w9drpIdy0948,,
627,以下标志的含义是禁止载货汽车驶入。,正确 | 错误,题库缺图,1,q_NcNk6F3K50KO,,
628,以下标志表示电动汽车充电站。,正确 | 错误,题库缺图,1,q_zKZRK2sOJI7S,,
629,以下标志表示网约车候客点。,正确 | 错误,题库缺图,1,q_2M-zRI4QAJ1o,,
630,以下选项中，车辆交通标志识别系统的英文缩写是什么？,TSR | AEB | TRC | ACC,题库缺图,1,q_11YyIaYPqlHx,,
631,仪表显示当前冷却液的温度是90度。,正确 | 错误,题库缺图,1,q_b3pnG4fOWmpn,,
632,仪表显示当前发动机转速是6000转/分钟。,正确 | 错误,题库缺图,1,q_jH4bU6CB_gnT,,
633,仪表显示当前车速是20公里/小时。,正确 | 错误,题库缺图,1,q_UdY-N5HmD6BB,,
634,仪表显示油箱内存油量已在警告线以内。,正确 | 错误,题库缺图,1,q_sjxe1_fhHvWf,,
635,停车位标线为蓝色表示收费停车位。,正确 | 错误,题库缺图,1,q_hfzwVzGG7shr,,
636,允许自学直考人员使用图中教练车，在“学车专用标识签注指导人员”随车指导下学习驾驶。,正确 | 错误,题库缺图,1,q_1ABe9HQ7uQPr,,
637,允许自学直考人员使用图中的教练车，在“学车专用标识签注指导人员”的随车指导下学习驾驶。,正确 | 错误,题库缺图,1,q_umXy-en9rJxb,,
638,免费停车位的停车标线是什么颜色？,白色 | 蓝色 | 黄色 | 红色,题库缺图,1,q_5fl1m9kErwv8,,
639,动机打开右转向灯开关，如下图所示灯亮起。,正确 | 错误,题库缺图,1,q_a4-Ku1-I_wWi,,
640,发生图中交通事故，A车负全部责任。,正确 | 错误,题库缺图,1,q_6msBlQ754Q1X,,
641,图中A车可沿箭头方向驶离高速公路。,正确 | 错误,题库缺图,1,q_28Jrcbns07di,,
642,图中A车有优先通行权。,正确 | 错误,题库缺图,1,q_fhIAhQWAk_AG,,
643,图中交警手势的含义是（,靠边停车信号 | 左转弯待转信号 | 左转弯信号 | 右转弯信号,题库缺图,1,q_E8wZk9KMtj3q,,
644,图中交通标志是何含义？,反向弯路 | 急弯路 | 注意合流 | 交叉路口,题库缺图,1,q_y7QA6G0j2HSf,,
645,图中信号灯亮起时，黑色车辆可以通过。,正确 | 错误,题库缺图,1,q_3QEjHf1qhUgg,,
646,图中信号灯的含义是（ ）。,路口警示 | 禁止通行 | 准许通行 | 提醒注意,题库缺图,1,q_hBhmjtg1B0tS,,
647,图中做法正确的是（ ）。,加速，在对向车到达前通过 | 减速靠右通过 | 保持原速继续正常行驶 | 鸣喇叭后加速通过,题库缺图,1,q_9az89ko38iHL,,
648,图中圈内三角填充区域是什么标线？,网状线 | 停车线 | 减速线 | 导流线,残缺队列+题库缺图,1,"q_k8ncS6tC2b2x,qi_item_TtPv-0zBAFx0",,
649,图中圈内白色横实线是何含义？,停止线 | 让行线 | 减速线 | 待转线,题库缺图,1,q_rkyTIGnjtxao,,
650,图中圈内的白色半圆状标记是什么标线？,减速行驶线 | 车速确认线 | 车距确认线 | 路口减速线,题库缺图,1,q_1FpnbI_udTfx,,
651,图中圈内的白色折线是什么标线？,减速行驶线 | 车距确认线 | 车速确认线 | 路口减速线,题库缺图,1,q_0FOYX2VdUFr7,,
652,图中圈内的路面标记是什么标线？,路口示意线 | 停车让行线 | 减速让行线 | 人行横道线,残缺队列+题库缺图,1,"q_hyIWiTasW3QT,qi_item_WVUN_MGfKEP8",,
653,图中圈内的锯齿状白色实线是什么标线？,导向车道线 | 方向引导线 | 可变导向车道线 | 单向行驶线,题库缺图,1,q_BFEwefJ9fPFd,,
654,图中圈内黄色虚线是什么标线？,路口导向线 | 非机动车引导线 | 车道连接线 | 小型车转弯线,残缺队列+题库缺图,1,"q_-x81xVmhr4EN,qi_item_ofyjkUjT01Ch",,
655,图中地面标记表示（ ）。,人行横道预告 | 交叉路口预告 | 减速让行预告 | 停车让行预告,题库缺图,1,q_Z8YcD97Fw2eI,,
656,图中对向车辆具有优先通行权。,正确 | 错误,题库缺图,1,q_y5a6qQ9kBEvG,,
657,图中小型客车驾驶人造成致人重伤的交通事故后逃逸，尚不构成犯罪的，会被记12分。,正确 | 错误,题库缺图,1,q_Gig-jj_Sd9C1,,
658,图中小型汽车的停车地点是正确的。,正确 | 错误,题库缺图,1,q_BEdhhoaxWarz,,
659,图中小型汽车的停车地点是正确的。XXX消防中队,正确 | 错误,题库缺图,1,q_3snQ5UBTY9AN,,
660,图中左侧白色轿车，在这种情况下为了保证安全，应适当降低车速。,正确 | 错误,题库缺图,1,q_3idBKUVuo4mw,,
661,图中己车准备进入环形路口时，应让红车先行，依次进入路口。,正确 | 错误,题库缺图,1,q_wR0GUV2ZbXek,,
662,图中所示标志的含义是提醒车辆驾驶人谨慎驾驶，注意右侧落石。,正确 | 错误,题库缺图,1,q_cW_d4DVmCVo1,,
663,图中所示标志表示前方距露天停车场200米。,正确 | 错误,题库缺图,1,q_k7tz85FC3kG4,,
664,图中所示标志表示此路段在6:00-20:00的时段禁止各类机动车驶入。,正确 | 错误,题库缺图,1,q_BHJZHDKvmmUJ,,
665,图中所示标志表示此路段在6:00-20：00的时段禁止各类机动车驶入。,正确 | 错误,题库缺图,1,q_vT5UzTfsYKcE,,
666,图中所示标志表示距离出口100米。,正确 | 错误,题库缺图,1,q_5U_Uo9we8r2Q,,
667,图中所示标志表示距离出口300米。,正确 | 错误,题库缺图,1,q_uiIvUfrMNdfA,,
668,图中所示的情形中，造成事故的责任是左侧车辆倒车没有避让正常行驶的车辆，右侧车辆看到前车掉头时没有停车等待。,正确 | 错误,题库缺图,1,q_1VUGn3CbgDBx,,
669,图中所示的情形超车时，要提前开启左转向灯，连续鸣喇叭或开启远光灯提示，催促前车让行,正确 | 错误,题库缺图,1,q_TXi8AkLYZWLM,,
670,图中所示驾驶人的行为是违法行为，会被记12分。,正确 | 错误,题库缺图,1,q_vvxnnwApemlL,,
671,图中所示驾驶人的这种行为是违法行为，会被记12分。,正确 | 错误,题库缺图,1,q_xI5hQMJrRgOc,,
672,图中指示灯一直亮，表示发动机控制系统故障。,正确 | 错误,题库缺图,1,q_H4dxDKoip-e0,,
673,图中指示灯亮时提醒发动机需加注机油。,正确 | 错误,题库缺图,1,q_sT5aYAx6ARER,,
674,图中指示灯亮时，不影响正常行驶。,正确 | 错误,题库缺图,1,q_bxMIZlWGmdPc,,
675,图中指示灯亮时，提醒驾驶人座椅没调整好。,正确 | 错误,题库缺图,1,q__CWwNhzTRUf2,,
676,图中指示灯亮表示（ ）。,前后示宽灯亮起 | 左转向指示灯闪烁 | 前后位置灯亮起 | 右转向指示灯闪烁,题库缺图,1,q_dAt81VXr5K3j,,
677,图中指示灯亮，应轻踩一下制动，只要有效可正常行车。,正确 | 错误,题库缺图,1,q_PcRvPoU1ab6D,,
678,图中指示灯亮，表示蓄电池充电故障。,正确 | 错误,题库缺图,1,q_tOHdcZi4DgrJ,,
679,图中故障车辆的违法行为是（ ）。,未设置警告标志 | 未立即排除故障 | 未将车停到路边 | 未开启危险报警闪光灯,题库缺图,1,q_CjghSehztKg7,,
680,图中机动车有哪种违法行为？,逆向行驶 | 未按规定悬挂号牌 | 故意遮挡号牌 | 占用非机动车道,题库缺图,1,q_Ay7ecg-b8h-5,,
681,图中机动车驾驶人造成事故逃逸且构成犯罪的行为是违法行为，会被记12分。,正确 | 错误,题库缺图,1,q_xtgzQ2Smymwo,,
682,图中标志提示前方有环形交叉路口，前方路口可掉头行驶。,正确 | 错误,题库缺图,1,q_sekSXbhyAa8K,,
683,图中标志提示前方道路是向右急转弯。,正确 | 错误,题库缺图,1,q_c62rYhejeO5U,,
684,图中标志提示前方道路最高车速限制每小时50公里以下。,正确 | 错误,题库缺图,1,q_-dIRBU4hp61p,,
685,图中标志的主要作用是什么?,引导非机动车直接横穿马路 | 禁止非机动车在路口过街 | 引导左转非机动车二次过街 | 仅允许非机动车在特定时段过街,题库缺图,1,q_m3ShhLpomeY2,,
686,图中标志的含义是限制轴重。,正确 | 错误,题库缺图,1,q_TU_aAaySvmKD,,
687,图中标志设在禁止运输危险品车辆驶入路段的入口处。,正确 | 错误,题库缺图,1,q_sZH9EeSMZ2P6,,
688,图中标注车辆在该地点停车是正确的。,正确 | 错误,题库缺图,1,q_Z3D02iGL55h2,,
689,图中标线表示残疾人专用车辆、或载有残疾人的车辆专用停车位。,正确 | 错误,题库缺图,1,q_jGhMK_Y1PXQo,,
690,图中深色车辆在该地点临时停车是可以的。,正确 | 错误,题库缺图,1,q_CGU7wBVuGVhk,,
691,图中白车的违法行为是（ ）。,距离加油站30米内停车 | 占用非机动车道停车 | 在公交车站内停车 | 逆向停车,题库缺图,1,q_XbJFsVklRajg,,
692,图中红圈内的装置是（ ）,灯光、信号组合开关 | 倒车灯开关 | 刮水器开关 | 危险报警闪光灯开关,题库缺图,1,q_qIDpGEsOr7iq,,
693,图中红圈内的装置是（ ）。,灯光、信号组合开关 | 倒车灯开关 | 刮水器开关 | 危险报警闪光灯开关,题库缺图,1,q_uS3JXY9bNAnI,,
694,图中红圈内车辆变更车道的做法违法。,正确 | 错误,题库缺图,1,q_Wi-mv4gY2kyh,,
695,图中红色圈内的交通标线表示该车道为非机动车道，机动车不得进入。,正确 | 错误,题库缺图,1,q_DfdpsA_rrani,,
696,图中红色车辆不得在此处停放。,正确 | 错误,题库缺图,1,q_Lo1DsIYwtE1R,,
697,图中红色车辆的这种违法行为会被记多少分？,记1分 | 记3分 | 记6分 | 记12分,题库缺图,1,q_LLnA18wDtN9o,,
698,图中红色车辆的违法行为会被记几分？,记1分 | 记3分 | 记6分 | 记12分,题库缺图,1,q_-hIF8UTi41EW,,
699,图中蓝色车辆因故障在高速公路临时停放，警告标志应该设置在车后,150米以外 | 50~150米 | 50~100米 | 50米以内,题库缺图,1,q_HXfLHTEdve-w,,
700,图中路口中央黄色路面标记是什么标线？,导流线 | 停车区 | 中心圈 | 网状线,残缺队列+题库缺图,1,"q_XeRUbVyDOWIF,qi_item_-WF_7eYjPCCA",,
701,图中路段不允许掉头。,正确 | 错误,题库缺图,1,q_08wwJrQtY_Dz,,
702,图中路段不能掉头。,正确 | 错误,题库缺图,1,q_gk7ryYozbmy8,,
703,图中路段禁止鸣喇叭。,正确 | 错误,题库缺图,1,q_FkTRWm4pjuUI,,
704,图中路面标记表示该路段最低限速50km/h。,正确 | 错误,残缺队列+题库缺图,1,"q_3MULhn2HSjfF,qi_item_BfQCDkfzWg_z",,
705,图中车辆在拥堵路段排队行驶时，遇其他车辆强行穿插行驶，为保证安全，以下做法正确的是（ ）。,迅速躲避 | 提高车速不让其穿插 | 减速或停车让行 | 持续鸣喇叭警告,残缺队列+题库缺图,1,"q_TOpdpVCrq7Eg,qi_item_cYWvJjtuaiTe",,
706,图中车辆在高速公路发生故障不能移动，该驾驶人的做法符合安全要求。,正确 | 错误,题库缺图,1,q_R_70NGFOPzy_,,
707,图中车辆驶离高速公路时，以下操作正确的是（ ）。,继续向前行驶 | 驶入减速车道 | 车速保持100公里/小时 | 车速降到40公里/小时以下,题库缺图,1,q_8-sDJc29zshx,,
708,图中这个标志为交叉路口预告标志中的“车道式”预告标志。,正确 | 错误,题库缺图,1,q_kywwZlBchUWb,,
709,图中这个标志为电动自行车车道标志，表示该车道仅供电动自行车通行。,正确 | 错误,题库缺图,1,q_3EE1-m4cuyVA,,
710,图中这个标志提示前方有环形交叉路口，前方路口可以掉头行驶。,正确 | 错误,题库缺图,1,q_fNe719P-W89l,,
711,图中这个标志提示前方路口只允许直行。,正确 | 错误,题库缺图,1,q_enKwNUeo34WL,,
712,图中这个标志提示前方路段只禁止一切车辆驶入。,正确 | 错误,题库缺图,1,q_iOM6nLl09azk,,
713,图中这个标志提示前方路段在限定的范围内，禁止一切车辆长时间停放，临时停车不受限制。,正确 | 错误,题库缺图,1,q_Y4L5q-EUVaQ2,,
714,图中这个标志提示前方路段是易发生车辆追尾的路段。,正确 | 错误,题库缺图,1,q_THgsEMosEZc0,,
715,图中这个标志提示前方路段是易断发生车辆追尾的路段。,正确 | 错误,题库缺图,1,q_STjnixcUSSAy,,
716,图中这个标志提示前方道路是向右急转弯。,正确 | 错误,题库缺图,1,q_O7wzMzz6FaZd,,
717,图中这个标志提示前方道路有Y形交叉路口，会有横向来车。,正确 | 错误,题库缺图,1,q_CAfg85blPYdc,,
718,图中这个标志提示前方道路的最高车速限制在每小时50公里以下,正确 | 错误,题库缺图,1,q_q3R1mUdc0Eh5,,
719,图中这个标志的含义是禁止小型客车通行。,正确 | 错误,题库缺图,1,q_r0B2yEiF2Jtk,,
720,图中这个标志的含义是禁止电动自行车进入。,正确 | 错误,题库缺图,1,q_A_F9UVfcU3ln,,
721,图中这个标志表示前方注意双向行驶。,正确 | 错误,题库缺图,1,q_7kWU7X96H3ay,,
722,图中这个标志表示距离出口200米。,正确 | 错误,题库缺图,1,q_edePbdGRpjqE,,
723,图中这种标线提示驾驶人“此处可安全换道”。,正确 | 错误,题库缺图,1,q_8bSKLCq8dzk8,,
724,图中这辆上路学习驾驶的自学直考车有什么违法行为？,鄂K·R1234 | 搭载随车指导人员以外的其他人员 | 学车专用标识粘贴的位置不符合B规定 | 自学人员和随车指导人员都没有系安全带,残缺队列+题库缺图,1,"q_Sgbu8TlQDi8O,flag_q_Sgbu8TlQDi8O",,
725,图中这辆红色机动车选择的行车道是正确的。,正确 | 错误,题库缺图,1,q_NvpHdm8rlM7_,,
726,图中这辆蓝色小型汽车行驶的车道是慢速车道。,正确 | 错误,题库缺图,1,q_MC89iZ3uRuvk,,
727,图中驾驶人的这种违法行为会被记几分？,记3分 | 记6分 | 记12分 | 记24分,题库缺图,1,q_koYgp5zgpLdZ,,
728,图中驾驶人的违法行为会被记几分？,记4分 | 记3分 | 记1分 | 记9分,题库缺图,1,q_cUhl0pWasU0q,,
729,图中驾驶人的违法行为会被记多少分？,记4分 | 记3分 | 记1分 | 记9分,题库缺图,1,q_oLpmSf4AEeKh,,
730,图中黄色机动车驾驶人在高速公路逆向行驶，会被记6分。,正确 | 错误,题库缺图,1,q_gv0_y8iBRd_2,,
731,图中黄色机动车驾驶人违法占用高速公路应急车道行驶，会被记3分。,正确 | 错误,题库缺图,1,q_H-OytMla1V9T,,
732,图中黄车进入减速车道时，以下灯光操作正确的是（ ）。,开启远光灯 | 开启危险报警闪光灯 | 开启近光灯,残缺队列,1,qi_item_LNGdOBcZGYdU,,
733,图中黄黑相间的倾斜线条用来提醒在车道旁有高出路面的构造物。,正确 | 错误,题库缺图,1,q_HhSFUucOfOPZ,,
734,在交叉路口遇到这种情况享有优先通行权。,正确 | 错误,题库缺图,1,q_T8uZ1Im01Ro6,,
735,在交叉路口遇到这种情况时，要在红灯亮以前加速通过路口。,正确 | 错误,题库缺图,1,q_AciNfpmQk51F,,
736,在图中位置变更车道时，以下做法正确的是什么？,在实线区内变道 | 借用人行横道变道 | 在虚线区按导向箭头指示变道 | 在路口停止线前变道,题库缺图,1,q_O9ACSO251FZM,,
737,在图中场景下，以下做法正确的是（ ）。,沿左侧车道掉头 | 该路口不能掉头 | 选择中间车道掉头 | 在路口内掉头,题库缺图,1,q_fDIVB23Agyrn,,
738,在图中所示有车道信号灯的路段，请哪辆机动车行驶的车道是正确的？,AA车 | 车 | D车 | C车,题库缺图,1,q_8ZbtMY1cjDlG,,
739,在图中所示的这段道路上行驶，驾驶人需要注意什么？,只要有逆向行驶的车辆就不能越线行驶 | 既不能越中心线也不能压中心线行驶 | 如果没有逆向行驶的车辆允许越中心线行驶 | 只有在超车的时候才能越中心线行驶,题库缺图,1,q_HQwiG3XHOcBK,,
740,在图中所示的这种天气行车，由于能见度较低，需要开启远光灯告知对向来车。,正确 | 错误,题库缺图,1,q_DcEfC-r3S1qm,,
741,在图中所示的道路上跟车行驶，为什么要保持较大的跟车距离？,不能正确判断水的深度 | 路面积水会影响对距离的判断 | 前车驾驶人的反应会变得迟钝 | 溅起来的水会影响视线,残缺队列+题库缺图,1,"q_4TR6n0_w-iHG,qi_item_hxDwJNeJQxZo",,
742,在图中所示的道路跟车行驶时，为什么要保持较大的跟车距离？,不能正确判断水的深度 | 路面积水会影响对距离的判断 | 前车驾驶人的反应会变得迟钝 | 溅起来的水会影响视线,题库缺图,1,q_yl7pZazVmV3y,,
743,在图中所示的铁路道口，如果没有看到列车驶来就要加速通过道口。,正确 | 错误,题库缺图,1,q_EkuTwhsNDz1U,,
744,在图中所示的高速公路行车道跟随前车行驶时，最小的跟车距离不得少于100米。,正确 | 错误,题库缺图,1,q_udmnQ7lZXENu,,
745,在图中这种环境下会车前，要先与对面来车交替变换远、近光灯观察前方道路情况，会车时两车都要关闭前大灯。,正确 | 错误,题库缺图,1,q_cPYx8pvoe_6p,,
746,在图中这种环境下会车前，要先交替变换远、近光灯观察前方道路情况，会车时两车都要关闭前大灯。,正确 | 错误,题库缺图,1,q_5DW4UrEZsEtd,,
747,在图中这种环境超车时，要先变换远近光灯告知前车，待前车让行后，开启远光灯超越。,正确 | 错误,题库缺图,1,q_HgqzHB48oLAh,,
748,在图中高速公路行驶，车速不得低于（ ）。,50公里/小时 | 60公里/小时 | 80公里/小时 | 100公里/小时,题库缺图,1,q_MVecncprIEw-,,
749,在图中高速公路行驶，车速不得超过（ ）。,120公里/小时 | 100公里/小时 | 90公里/小时 | 60公里/小时,题库缺图,1,q_9wW6dY8CTdWx,,
750,在图中高速公路行驶，车速不得高于（ ）。,100公里/小时 | 110公里/小时 | 120公里/小时 | 90公里/小时,题库缺图,1,q_Dmd_nVL1hN4g,,
751,在图中高速公路这条车道行驶车速不得高于（ ）。,120公里/小时 | 110公里/小时 | 100公里/小时 | 90公里/小时,题库缺图,1,q_vJEXRprjvII-,,
752,在城市快速路上通行，图中A车的违法行为是（ ）。,占用快速车道行驶 | 占用非机动车道行驶 | 占用应急车道行驶 | 占用公交专用道行驶,题库缺图,1,q_g6TOv1Ppo0ne,,
753,在城市道路上，遇到图中情况需要超车时，可以直接开启右转向灯，借公交车道行驶。,正确 | 错误,题库缺图,1,q_PrCHrhVuJhSY,,
754,在实习期内驾驶机动车的，应当在车身后部粘贴或者悬挂哪种标志？,注意新手标志 | 注意避让标志 | 统一式样的实习标志 | 注意车距标志,题库缺图,1,q_D9aVjrM1buba,,
755,在无交通信号灯的路口遇到停车等待时，可临时占用对面车道，以免造成更大的拥堵。,正确 | 错误,题库缺图,1,q_zE15zY8O5kQY,,
756,在有交通信号灯控制的交叉路口左转弯时，以下做法错误的是什么？,靠路口中心点左侧转弯 | 提前开启左转向灯 | 夜间开启近光灯 | 无需观察交通信号灯,题库缺图,1,q_ZwfjyOS77QBJ,,
757,在没有限速标志、标线的道路上，以下关于机动车行驶速度说法错误的是（ ）。,在没有道路中心线的城市道路，A最高行驶速度不超过30km/h | 在没有道路中心线的公路，最高B行驶速度不超过40km/h | 在同方向只有1条机动车道的城市道路，最高行驶速度不超过50km/h | 在同方向只有1条机动车道的公路，最高行驶速度不超过60km/h,题库缺图,1,q_7WygVq6FFzN-,,
758,在路口右转弯看到图中信号灯亮时，要在停止线以外停车，等待绿灯亮后再向右转弯。,正确 | 错误,题库缺图,1,q_IgzlXWt05o96,,
759,在路口直行时，遇这种情形如何通行？,让左方道路车辆先行 | 让右方道路车辆先行 | 直接加速直行通过 | 开启危险报警闪光灯通行,题库缺图,1,q_9LEryziAC_DA,,
760,在路口直行看到图中所示信号灯断亮时，要尽快加速通过路口，不得停车等待。,正确 | 错误,题库缺图,1,q__lhBlX7TGeQr,,
761,在路口直行看到图中这种情况，要在停止线以外停车，等待对面直行车通过后再起步。,正确 | 错误,题库缺图,1,q_Hipbp8NIwULy,,
762,在路口看到图中所示信号灯不断断闪烁时，要减速或停车瞭望，确认安全后通过。,正确 | 错误,题库缺图,1,q_VRJbDSs4rtfS,,
763,在路口遇到图中这种黄灯不断闪烁时，提醒车辆应注意什么？,路口禁止一切车辆通行 | 路口交通信号暂时解除 | 路口交通管制需要清空 | 前方路口或道路是危险路段,题库缺图,1,q_YxMxbn9s64XY,,
764,在路口遇到图中这种黄灯不断闪烁时，说明什么情况？,路口禁止一切车辆通行 | 路口发生道路交通事故 | 路口交通管制需要清空 | 路口交通信号暂时解除,题库缺图,1,q_DL8Xqv2PB_ra,,
765,在路口遇有交通信号灯和交通警察指挥不一致时，按照交通信号灯通行。,正确 | 错误,题库缺图,1,q_vqeptelDpUoc,,
766,在这种天气条件下行车如何使用灯光？,使用远光灯 | 使用雾灯 | 开启右转向灯 | 不使用灯光,题库缺图,1,q_yx0h3aHlcFcG,,
767,在这种情况下可以加速通过人行断黄道。,正确 | 错误,题库缺图,1,q_bTzuiaPAA7L1,,
768,在这种情况下可以加速通过人行横道。,正确 | 错误,题库缺图,1,q_QKTWkmfeMCvU,,
769,在这种情况下应当等行人通过后再通过人行横道。,正确 | 错误,题库缺图,1,q_dileTfl_4iWq,,
770,在这种情况下，可以加速通过交叉路口。,正确 | 错误,题库缺图,1,q_SihOsAJmmyBY,,
771,在这种情形中前车怎样行驶？,正常行驶 | 及时让行 | 开启危险报警闪光灯行驶 | 不得变更车道,题库缺图,1,q_w6S1ekLzxt5v,,
772,在这种环境下通过路口如何使用灯光？,关闭远光灯 | 使用危险报警闪光灯 | 使用远光灯 | 交替使用远、近光灯,题库缺图,1,q_tUpLOg9Vs2UG,,
773,在这种环境中行车，应该怎样使用灯光？,变换远近光灯 | 关闭前照灯 | 开启近光灯 | 开启远光灯,题库缺图,1,q_GeUHCY0R28bJ,,
774,在这种环境行车，应使用近光灯。,正确 | 错误,题库缺图,1,q_8EUT-GrXZEP2,,
775,在这种环境行车，应怎样使用灯光？,变换远近光灯 | 关闭前照灯 | 开启近光灯 | 开启远光灯,题库缺图,1,q_PdWVO4zTaxrU,,
776,在这种环境里行车，应使用近光灯。,正确 | 错误,题库缺图,1,q_b2bY3cI5yeqh,,
777,在这种雨天跟车行驶使用灯光，以下说法正确的是？,使用远光灯 | 不能使用近光灯 | 不能使用远光灯 | 使用雾灯,题库缺图,1,q_lZgVak9xC3Cr,,
778,在进入交叉路口实线导向车道前，变更车道要在虚线路段完成。,正确 | 错误,题库缺图,1,q_ZSdBl2wLA74W,,
779,在道路上超车时，按照防御性驾驶技术要求，只要留有余地，应尽量加大横向距离，必要时可越实线超车。,正确 | 错误,题库缺图,1,q_uDaEa5AssPJP,,
780,在道路上车辆发生故障、事故停车后，不按规定使用灯光或者设置警告标志的，一次记1分。,正确 | 错误,题库缺图,1,q_hB02i5hwZQXK,,
781,在道路上车辆发生故障、事故停车后，不按规定设置警告标志，一次记1分。,正确 | 错误,题库缺图,1,q_8PImtvpHPJOg,,
782,在道路上车辆发生故障、新规题事故停车后，不按规定使用灯光或者设置警告标志的，一次记1分。,正确 | 错误,题库缺图,1,q_84SLRxE5fHO9,,
783,在道路上遇到图中这种情况，可以从两侧超车。,正确 | 错误,题库缺图,1,q_WUA9EtjKyDbJ,,
784,在高速公路因故障停车后，应在来车方向150米外设置故障警告标志。,正确 | 错误,题库缺图,1,q_aJlmrT4pLcvY,,
785,在高速公路遇图中所示情况时，以下做法正确的是（ ）。,加速行驶 | 停在应急车道 | 增大跟车距离 | 紧跟前车,残缺队列+题库缺图,1,"q_2P6JPao8pECy,qi_item_YMupUKPbLHem",,
786,夜间经过无交通信号灯控制的交叉路口，不得变换远、近光灯。,正确 | 错误,题库缺图,1,q_8qILHo6G-ZIy,,
787,夜间行车遇到图中所示的交叉路口，不管有没有车辆和行人横过路口，都要开启远光灯提示。,正确 | 错误,题库缺图,1,q_xfkL-xlkUHKK,,
788,夜间通过无交通信号灯控制的交叉路口时，不得变换远、近光灯。,正确 | 错误,题库缺图,1,q_zouwRW5-cJ2T,,
789,夜间驾车经过没有信号灯控制的交叉口时，如何使用灯光？,开启远光灯 | 开启危险报警闪光灯 | 交替使用远近光灯 | 开启近光灯,题库缺图,1,q_Opw2pQL-xl5d,,
790,夜间驾驶机动车确需超车时，应长时间开启远光灯提示前方车辆己车的超车意图。,正确 | 错误,题库缺图,1,q_uBQnvD5BY8jm,,
791,夜间驾驶机动车遇图中交叉路口，不管有无车辆和行人横过路口，都要开启远光灯提示。,正确 | 错误,题库缺图,1,q_KPR_RFUE9LLs,,
792,如何通过这种交叉路口？,鸣笛催促 | 保持速度通过 | 减速慢行 | 加速通过,题库缺图,1,q_Wk2_pwx_a-WR,,
793,如图所示停放机动车是什么违法行为？,停车占用人行道 | 在公共汽车站停车 | 在有禁停标志路段停车 | 在非机动车道停车,题库缺图,1,q_hW1_XG6mlGCX,,
794,如图所示，A车具有优先通行权。,正确 | 错误,题库缺图,1,q_NVuzo0UA_1ao,,
795,如图所示，A车可以从左侧超越B车。,正确 | 错误,题库缺图,1,q_wSARVv1zxH8p,,
796,如图所示，A车在此处停车是可以的。,正确 | 错误,题库缺图,1,q_D0kJuItv3Aoj,,
797,如图所示，A车在此时进入左侧车道是因为进入实线区不得变更车道。,正确 | 错误,题库缺图,1,q_EMLZWQSMrOy7,,
798,如图所示，A车在这种情况下，应适当减速。,正确 | 错误,题库缺图,1,q_7EZLgtc7M9B6,,
799,如图所示，A车应负事故全部责任。,正确 | 错误,题库缺图,1,q_UPFzZHJBgwwc,,
800,如图所示，A车欲左转，该驾驶人存在的违法行为是什么？,压实线变更车道 | 穿插等候车辆 | 未按规定车道行驶 | 违反交通信号灯行驶,残缺队列+题库缺图,1,"q_d4GqzZo_vT7-,qi_item_c6qN7r1lLMpS",,
801,如图所示，A车若想左转，以下做法正确的是什么？,直行通过，重新选择行驶路线 | 从直行车道左转 | 直接变更到左转车道 | 向右转弯，重新选择行驶路线,残缺队列+题库缺图,1,"q_Hf6rSTxls4Xa,qi_item_fFuW2rCd3w-4",,
802,如图所示，A车要在前方掉头行驶，可以在此处变换车道，进入左侧车道准备掉头。,正确 | 错误,题库缺图,1,q_-703pskcWFbY,,
803,如图所示，A车负事故全部责任。,正确 | 错误,题库缺图,1,q_vsVKqNu4PF3X,,
804,如图所示，A车货物掉落，导致B车与掉落货物发生碰撞，以下说法正确的是什么？,B车自负责任 | A车负全部责任 | 各负一半责任 | 偶然事件，不可避免,残缺队列+题库缺图,1,"q_tI6njcsH8un5,qi_item_xKaoemEPK3H0",,
805,如图所示，B车具有优先通行权。,正确 | 错误,题库缺图,1,q_68d6_PzaAAxQ,,
806,如图所示，以下哪种情况可以超,如图中A所示 | 如图中B所示 | 如图中C所示 | 如图中D所示,题库缺图,1,q_X2VlLTZXSH1j,,
807,如图所示，以下哪种情况可以超车？,如图中A所示 | 如图中B所示 | 如图中C所示 | 如图中D所示,题库缺图,1,q_hQEg-HS-Hiy5,,
808,如图所示，前方路口这种信号灯亮表示什么意思？,路口警示 | 加速直行 | 加速左转 | 禁止右转,题库缺图,1,q_Y8qyIJUpmcsh,,
809,如图所示，前方车辆驶过窄桥后，我方车辆可以在前方桥梁处停车。,正确 | 错误,题库缺图,1,q_iuYfmlfBAwQZ,,
810,如图所示，发生环岛交通事故，A车负次要责任。,正确 | 错误,题库缺图,1,q_TyYfuz-AsGiz,,
811,如图所示，可以从这个位置直接断驶入高速公路行车道。,正确 | 错误,题库缺图,1,q_8zqfrDQF80gi,,
812,如图所示，可以从这个位置直接驶入高速公路行车道。,正确 | 错误,题库缺图,1,q_Zls-Hcdlucc6,,
813,如图所示，图中B车具有优先通行权。,正确 | 错误,题库缺图,1,q_WskU7RBwg-D5,,
814,如图所示，图中红车停车的违法行为是（ ）。,在非机动车道停车 | 在人行横道上停车 | 距离路边超过30厘米 | 在有禁停标线路段停车,题库缺图,1,q_NPf3mBRWxd_H,,
815,如图所示，在交叉路口遇到这种情况享有优先通行权。,正确 | 错误,题库缺图,1,q_YghRefVuEb95,,
816,如图所示，在交叉路口遇到这种情况时，应在停止线前等待，不可加速通过路口。,正确 | 错误,题库缺图,1,q_HRnf_xD6jC7v,,
817,如图所示，在划有道路中心线的道路上会车时，应保持安全车速、不越线行驶。,正确 | 错误,题库缺图,1,q_j2XM-xVfhl1W,,
818,如图所示，在前方路口可以掉头。,正确 | 错误,题库缺图,1,q_lGM0LJ0eDbJ6,,
819,如图所示，在同方向三条机动车道的高速公路中间车道行驶，车速不能低于多少公里？,60公里/小时 | 90公里/小时 | 100公里/小时 | 110公里/小时,残缺队列+题库缺图,1,"q_YTGeug72VQFs,qi_item_jdbyuHLjeUPw",,
820,如图所示，在同方向三条机动车道的高速公路最右侧车道行驶，车速不能低于多少？,60公里/小时 | 80公里/小时 | 100公里/小时 | 110公里/小时,残缺队列+题库缺图,1,"q_dE-DSvdD-Xmg,qi_item_qrgSH-xBCsZR",,
821,如图所示，在同方向两条机动车道的高速公路左侧车道行驶，应保持什么车速？,60公里/小时-120公里/小时 | 90公里/小时-110公里/小时 | 100公里/小时-120公里/小时 | 110公里/小时-120公里/小时,残缺队列+题库缺图,1,"q_aaI4KUKcq-Fq,qi_item_OqzxzqHfdTLK",,
822,如图所示，在没有中心线的道路上遇对向来车时，应怎样行驶？,减速靠右通行 | 借非机动车道行驶 | 骑轧路侧白线行驶 | 靠路中心行驶,残缺队列+题库缺图,1,"q_3_D5WC0SY9xp,qi_item_2r-hN-PW428-",,
823,如图所示，在没有中心隔离设施或没有中心线的道路上会车时，以下错误的做法是什么？,减速靠右行驶 | 驶近会车地点过程中降低车速 | 预留足够横向安全距离 | 加速通过,残缺队列+题库缺图,1,"q_gYb1Spl7wtNw,qi_item_Q9OFKtLD2DpE",,
824,如图所示，在没有划分道路中心线的道路上行驶，会车时必须减速靠右通过。,正确 | 错误,题库缺图,1,q_eO4t169rQXdh,,
825,如图所示，在没有道路中心线的狭窄山路应怎样会车？,速度慢的车辆先行 | 重量大的车辆先行 | 靠山体的一方先行 | 不靠山体的一方先行,题库缺图,1,q_aUF70cRlTuOU,,
826,如图所示，在超车过程中，遇对向有来车时要放弃超车是因为什么？,对向来车车速快 | 我方车辆提速太慢 | 如继续超车，易与对面机动车发生刮擦、相撞 | 前车车速太快,残缺队列+题库缺图,1,"q_8Yqc7twXbCi8,qi_item_N7Qiy9AntP_o",,
827,如图所示，在距这段路多少米以内的路段不能停放机动车？,5米以内 | 10米以内 | 30米以内 | 50米以内,题库缺图,1,q_fWXqki3Xbufw,,
828,如图所示，在路口直行看到图中信号灯亮时，应尽快加速通过路口，不要停车等待。,正确 | 错误,题库缺图,1,q_-zX4CoGqb4lU,,
829,如图所示，在路口遇到这种情形时怎样做？,停在网状线区域内等待 | 停在路口以外等待 | 跟随前车通过路口 | 停在路口内等待,题库缺图,1,q_q0ZHbf8WbhLh,,
830,如图所示，在路边临时停放机动车是什么违法行为？,在非机动车道停车 | 停车占用机动车道 | 距离路边超过30厘米 | 在有禁停标线路段停车,题库缺图,1,q_jabNKNWnAyHu,,
831,如图所示，在这个位置时怎样使用灯光？,开启左转向灯 | 开启右转向灯 | 开启危险报警闪光灯 | 开启前照灯,题库缺图,1,q_r2ltXiiFCl8J,,
832,如图所示，在这个弯道上行驶时的最高速度不能超过多少？,30公里/小时 | 40公里/小时 | 50公里/小时 | 70公里/小时,题库缺图,1,q_8puIVeFPwGH8,,
833,如图所示，在这个路口可以掉头。,正确 | 错误,题库缺图,1,q_qjXh3_kOK7RM,,
834,如图所示，在这个路段可以掉头。,正确 | 错误,题库缺图,1,q_-tXm-2aMmgPq,,
835,如图所示，在这条公路上行驶的最高速度不能超过多少？,30公里/小时 | 40公里/小时 | 50公里/小时 | 70公里/小时,题库缺图,1,q_54zqcPJrQIpK,,
836,如图所示，在这条城市道路上行驶的最高速度不能超过多少？,30公里/小时 | 40公里/小时 | 50公里/小时 | 70公里/小时,残缺队列+题库缺图,1,"q_kyrreKI-MtAm,qi_item_E-kg2eue2lYM",,
837,如图所示，在这条车道行驶的最低车速是多少？,60公里/小时 | 90公里/小时 | 100公里/小时 | 110公里/小时,题库缺图,1,q_dLK1Um7UkE8o,,
838,如图所示，在这段城市道路上行驶的最高速度不能超过多少？,30公里/小时 | 40公里/小时 | 50公里/小时 | 70公里/小时,题库缺图,1,q_iuiAnJk7UWZp,,
839,如图所示，在这段路的最高时速为每小时50公里。,正确 | 错误,题库缺图,1,q_wgAn-Zo0GHos,,
840,如图所示，在这段道路上一定要减少鸣喇叭的频率。,正确 | 错误,题库缺图,1,q_HtzxcVQnDLMp,,
841,如图所示，在这段道路上不能掉头。,正确 | 错误,题库缺图,1,q_giBHROy3EZMH,,
842,如图所示，在这段道路上可以变更到左侧车道掉头。,正确 | 错误,题库缺图,1,q_nA6zj8aPFFdx,,
843,如图所示，在这段道路上，只要不影响其他车辆通行的前提下可以掉头。,正确 | 错误,题库缺图,1,q_TtChkcfw-X5K,,
844,如图所示，在这种情况下允许借右侧公交车道超车。,正确 | 错误,题库缺图,1,q_OuLLbJO_R_Tz,,
845,如图所示，在这种情况下只要后方没有来车，可以倒车。,正确 | 错误,题库缺图,1,q_iYWsXbraOIgu,,
846,如图所示，在这种情况下直行车辆应停车等待。,正确 | 错误,题库缺图,1,q_xsC6veDP5M2d,,
847,如图所示，在这种情况下跟车行驶，不能使用远光灯的原因是什么？,会影响前车驾驶人的视线 | 不利于看清车前的路况 | 会影响自己的视线 | 不利于看清远方的路况,残缺队列+题库缺图,1,"q__6nOoINozH85,qi_item_GudQa6rq8V5P",,
848,如图所示，在这种情况下通过交叉路口时，不得超车的原因是什么？,路口设有信号灯 | 路口有交通监控设备 | 机动车速度慢，不足以超越前车 | 路口内交通情况复杂，易发生交通事故,残缺队列+题库缺图,1,"q_3kX5TYdlEJrO,qi_item_7fRsAkzTscQl",,
849,如图所示，在这种情况下通过路交替使用远、近光灯的目的是什么？,提示其他交通参与者注意来车 | 准备变更车道 | 超车前提示前车 | 检查灯光是否能正常使用,题库缺图,1,q_TU-JxkDxzkST,,
850,如图所示，在这种情况下通过路口，交替使用远、近光灯的目的是什么？,提示其他交通参与者注意来车 | 准备变更车道 | 超车前提示前车 | 检查灯光是否能正常使用,残缺队列,1,qi_item_7u7EldOxuoQR,,
851,如图所示，在这种情况下遇到红灯交替闪烁时，要尽快通过道口。,正确 | 错误,题库缺图,1,q_CN7dhUC0h-jI,,
852,如图所示，在这种情况下，A车可以向左变更车道。,正确 | 错误,题库缺图,1,q_r0NnqKaFpfSq,,
853,如图所示，在这种情况下，会车时必须减速靠右通过。,正确 | 错误,题库缺图,1,q_5xTN2ytyfXEF,,
854,如图所示，在这种情况下，只要后方、对向无来车，可以掉头。,正确 | 错误,题库缺图,1,q_DkTd0O-Dh_7n,,
855,如图所示，在这种情况下，您应该轻踩制动踏板减速。,正确 | 错误,题库缺图,1,q_xZFkTprwYgzk,,
856,如图所示，在这种情况下，遇右侧车辆变更车道，应减速保持间距，注意避让。,正确 | 错误,题库缺图,1,q_-H7fu_FaP-QI,,
857,如图所示，在这种情况下，遇右断侧车辆变更车道，应减速保持间距，注意避让。,正确 | 错误,题库缺图,1,q_QMnkInAgy_VS,,
858,如图所示，在这种情况下，驾驶机动车要停车让行。,正确 | 错误,题库缺图,1,q_TqY97KQ8Dufm,,
859,如图所示，在这种情况的交叉路口转弯要让直行车先行。,正确 | 错误,题库缺图,1,q_SXoqUSov5MRd,,
860,如图所示，在这种情况的铁路道口要加速通过。,正确 | 错误,题库缺图,1,q_Htk-Fr2zWtAg,,
861,如图所示，在这种路口怎样进行,在人行横道上掉头 | 进入路口后掉头 | 从右侧车道掉头 | 从中心线虚线处掉头,题库缺图,1,q_v5iMMdZLWCcM,,
862,如图所示，在这种路口怎样进行掉头？,在人行横道上掉头 | 进入路口后掉头 | 从右侧车道掉头 | 从中心线虚线处掉头,题库缺图,1,q_R_l2-ZAkiBkW,,
863,如图所示，在这种道路上行驶，应在道路中间通行的主要原因是在道路中间通行速度快。,正确 | 错误,题库缺图,1,q_0_AjGOWS-zB0,,
864,如图所示，在道路与铁路道口遇到一个红灯亮时要停车等待。,正确 | 错误,题库缺图,1,q_9PGhOgYk7d3l,,
865,如图所示，在铁路道口遇到两个红灯交替闪烁时，应确认安全后通过。,正确 | 错误,题库缺图,1,q_Rx5jSjxAhIrF,,
866,如图所示，在高速公路上牵引故障车的做法是否正确？,正确 | 错误,题库缺图,1,q_OD9-uQuUA5Fh,,
867,如图所示，在高速公路同方向三条机动车道最左侧车道行驶，应保持什么车速？,60公里/小时-120公里/小时 | 90公里/小时-120公里/小时 | 100公里/小时-120公里/小时 | 110公里/小时-120公里/小时,残缺队列+题库缺图,1,"q_cVW9USA7O51P,qi_item_ZF4_WhWVDy2R",,
868,如图所示，夜间在窄桥会车时应当使用远光灯。,正确 | 错误,题库缺图,1,q_e_ohAj8Di5JF,,
869,如图所示，夜间在窄桥会车时应怎样使用灯光？,开启危险报警闪光灯 | 开启近光灯 | 关闭前照灯 | 开启远光灯,题库缺图,1,q_Hu1_v487pEy3,,
870,如图所示，夜间驾驶机动车遇对方使用远光灯，无法看清前方路况时，以下做法正确的是什么？,保持行驶方向和车速不变 | 自己也打开远光灯行驶 | 降低车速，谨慎会车 | 加速通过，尽快摆脱眩目光线,残缺队列+题库缺图,1,"q_QRDK0SVkLHAo,qi_item_jevy2OzUbUx4",,
871,如图所示，当与对向车辆有会车可能时，不得超车。,正确 | 错误,题库缺图,1,q_o5StiVvy6-Qx,,
872,如图所示，当您超越右侧车辆时，应该尽快超越，减少并行时间。,正确 | 错误,题库缺图,1,q_GUCDRj_Myc1t,,
873,如图所示，当越过停在人行横道断前的A车时，B车应当减速，准备停车让行。,正确 | 错误,题库缺图,1,q_QJxsYhfJ7Ft7,,
874,如图所示，怎样通过这样的路口？,不减速通过 | 加速尽快通过 | 空挡滑行通过 | 减速或停车观察,题库缺图,1,q_qOFZtPyENZuI,,
875,如图所示，未上坡的车辆遇到这种情况让对向下坡车先行,正确 | 错误,题库缺图,1,q_cnx7X7PQiIAP,,
876,如图所示，未上坡的车辆遇到这种情况让对向下坡车先行。,正确 | 错误,题库缺图,1,q_Y7nRckZbJ6rL,,
877,如图所示，机动车在这样的城市道路上行驶，最高的行驶速度不得超过50公里/小时。,正确 | 错误,题库缺图,1,q_HM2JtARH8oDM,,
878,如图所示，机动车在这样的城市道路上行驶，最高速度不能超过50公里/小时。,正确 | 错误,题库缺图,1,q_zpAHmEtXBon7,,
879,如图所示，机动车在这种道路上通行，在道路中间通行的原因是什么？,给两侧的非机动车和行人留有充足的通行空间 | 在道路中间通行视线好 | 在道路中间通行速度快 | 防止车辆冲出路外,残缺队列+题库缺图,1,"q_JpZ8q9zcvxZ3,qi_item_xyVuvuVtrmGv",,
880,如图所示，机动车行驶至交叉口时的做法是正确的。,正确 | 错误,题库缺图,1,q_-yIiakp-_rYj,,
881,如图所示，校车在最右侧车道停靠上下学生时，以下哪辆车可以通过？,②③ | ② | ③ | ①,题库缺图,1,q_vbDHldYwkqZ9,,
882,如图所示，校车在最右侧车道停靠上下学生时，校车停靠车道后方和相邻机动车道的机动车应停车等待，最左侧车道上的机动车应当减速通过。,正确 | 错误,题库缺图,1,q_3fVax_a9alFX,,
883,如图所示，此车的违法行为是占用应急车道。,正确 | 错误,题库缺图,1,q_ORKB3KahKh3h,,
884,如图所示，红圈中标记车辆使用灯光的方法是正确的。,正确 | 错误,题库缺图,1,q_mxxU4MytzC7f,,
885,如图所示，红圈内开关控制什么？,儿童安全锁 | 车门锁住、开锁 | 电动车门 | 两侧车窗玻璃,残缺队列+题库缺图,1,"q__n3StrpE_qvG,qi_item_JBelC0erX9G_",,
886,如图所示，红圈内指示灯亮，提示发动机舱开启。,正确 | 错误,题库缺图,1,q_PDmwtFzA5Gns,,
887,如图所示，红圈内指示灯亮，提示右侧车门未关闭。,正确 | 错误,题库缺图,1,q_vkGJUN9A-ZiP,,
888,如图所示，红圈内符号表示什么含义？,前风窗玻璃刮水器及洗涤器 | 后风窗玻璃除霜或除雾 | 后风窗玻璃刮水器及洗涤器 | 前风窗玻璃除霜或除雾,残缺队列+题库缺图,1,"q_2Ckcujk99u0q,qi_item_RdmH_fskRluI",,
889,如图所示，经过这种交通标线的路段，应注意减速慢行。,正确 | 错误,题库缺图,1,q_WR_lsZrb5mEZ,,
890,如图所示，行至这种情况的铁路道口要停车观察。,正确 | 错误,题库缺图,1,q_Kvii4iUlNzSS,,
891,如图所示，行驶至这种上坡路段时，以下做法正确的是什么？,换低挡位，踏加速踏板 | 换低挡位，松开加速踏板 | 换高挡位，踏加速踏板 | 换高挡位，松开加速踏板,残缺队列+题库缺图,1,"q_B2hLeUqXuR4r,qi_item_Mss3T02MbOVN",,
892,如图所示，该机动车在行驶过程中存在违法行为。,正确 | 错误,题库缺图,1,q_SYDxcZriNE9J,,
893,如图所示，越过停在人行横道前的A车时，B车应减速，准备停车让行。,正确 | 错误,题库缺图,1,q_h8wSdktK3WOX,,
894,如图所示，车辆发生故障无法移动时，以下做法是否正确？,正确 | 错误,题库缺图,1,q_z6tdQSb50uKi,,
895,如图所示，车辆可在行人未通过前加速通过。,正确 | 错误,题库缺图,1,q_SkIX1oNYInl-,,
896,如图所示，车辆此时可以怎么行驶？,左转或者直行 | 左转或右转 | 直行或右转 | 只能直行,题库缺图,1,q_VFaSDHPu7MKe,,
897,如图所示，这个路段不得长时间在非机动车道上停车，但可以临时停车。,正确 | 错误,题库缺图,1,q_TiCWWvyCElCx,,
898,如图所示，这位驾驶人违反法律规定的行为是什么？,没按规定握转向盘 | 座椅角度不对 | 没系安全带 | 驾驶姿势不正确,题库缺图,1,q_w4YSS2mn29G-,,
899,如图所示，这种情况下准备进入环形路口时，为了保证车后车流的通畅，应超越红车进入路口。,正确 | 错误,题库缺图,1,q_31zVwlYpgVAb,,
900,如图所示，这种情况下，只要后方、对向无来车，可以掉头。,正确 | 错误,题库缺图,1,q_5a4P67sAgK7Q,,
901,如图所示，这种情况超车时，从前车的哪一侧超越？,从前车的右侧超越 | 左右两侧均可超越 | 从前车的左侧超越 | 从无障碍一侧超越,题库缺图,1,q_TL8gEsj71G0h,,
902,如图所示，这种情形下，A车可以继续通行。,正确 | 错误,题库缺图,1,q_ODJqUbIUCfHh,,
903,如图所示，这种情形下，此车不得通过。,正确 | 错误,题库缺图,1,q_e9_SpyJtiOHv,,
904,如图所示，这辆停在路边的机动车没有违法行为。,正确 | 错误,题库缺图,1,q_4TdZCaIUM5nc,,
905,如图所示，这辆小型载客汽车进入高速公路行车道的行为是正确的。,正确 | 错误,题库缺图,1,q_aICSBWzgmkiE,,
906,如图所示，这辆小型载客汽车进断入高速公路行车道的行为是正确的。,正确 | 错误,题库缺图,1,q_pcaijuN893pE,,
907,如图所示，这辆小型载客汽车驶离高速公路行车道的方法是正确的。,正确 | 错误,题库缺图,1,q_5SR1kcx20v3M,,
908,如图所示，这辆小轿车不能在这个位置停车。,正确 | 错误,题库缺图,1,q_FhgSSGIuCKdP,,
909,如图所示，这辆红色轿车可以在该车道行驶。,正确 | 错误,题库缺图,1,q_4JTERnp-SXB7,,
910,如图所示，进入减速车道时怎样使用灯光？,开启左转向灯 | 开启右转向灯 | 开启危险报警闪光灯 | 开启前照灯,题库缺图,1,q_MaY1TUjyLiFj,,
911,如图所示，通过有这种标志的路口时应该减速让行。,正确 | 错误,题库缺图,1,q_p8KL2e43xvI3,,
912,如图所示，造成事故的责任是左侧车辆倒车没有避让正常行驶的车辆，右侧车辆看到前车掉头时没有停车等待。,正确 | 错误,题库缺图,1,q_FmInpmryUnt9,,
913,如图所示，遇到前方车辆缓慢行驶时怎样行驶？,从两侧随意超越 | 从右侧借道超越 | 占对向车道超越 | 依次排队行驶,题库缺图,1,q_4_TnYC44-USP,,
914,如图所示，遇到这种单方交通事故，应当如何处理？,不用报警 | 报警 | 直接联系路政部门进行理赔 | 直接联系绿化部门,题库缺图,1,q_S5QwPk-3PRDg,,
915,如图所示，遇到这种情况可以优先通行。,正确 | 错误,题库缺图,1,q_g1y3Bg8vPNK4,,
916,如图所示，遇到这种情况的路段，不可以进入网状线区域内停车等候。,正确 | 错误,题库缺图,1,q_EJwVlS9ClBzC,,
917,如图所示，遇到这种情况的铁路道口，禁止车辆通行。,正确 | 错误,题库缺图,1,q_SkxnCJR5f611,,
918,如图所示，遇到这种情形怎样行驶？,停车让对方车辆通过 | 开启左转向灯向左行驶 | 加速超越障碍后会车 | 开前照灯告知对方让行,题库缺图,1,q_hR_TZDYWEWjM,,
919,如图所示，遇到这种情形时要停车避让行人。,正确 | 错误,题库缺图,1,q_1WvwK3QINMgz,,
920,如图所示，遇有这种排队等候的情形怎么做？,依次排队等候 | 从右侧借道超越 | 从左侧跨越实线超越 | 从两侧随意超越,题库缺图,1,q_Dw52fxjxQ_MJ,,
921,如图所示，遇这种信号灯亮起时可以左转或右转。,正确 | 错误,题库缺图,1,q_SLyaAQV7rrqK,,
922,如图所示，遇这种情况下可以从右侧超车。,正确 | 错误,题库缺图,1,q_RZ9zhACiXm0y,,
923,如图所示，遇这种情况下可以从断右侧超车。,正确 | 错误,题库缺图,1,q_NUm_6mhOQc7G,,
924,如图所示，道路上划设这种标线的车道内允许下列哪类车辆通行？,出租车 | 公务用车 | 公交车 | 私家车,残缺队列+题库缺图,1,"q_4wTpxf3f3frX,qi_item_TTKENEToycWv",,
925,如图所示，铁路道口禁止掉头的原因是什么？,有铁路道口信号灯 | 铁路道口车流量大 | 容易引发事故 | 有铁路道口标志,题库缺图,1,q_2FjfcdX_Q2ze,,
926,如图所示，雾天驾驶机动车行经城市道路，以下错误的做法是什么？,减速慢行 | 与前车保持安全的跟车距离 | 注意可能出现的行人和非机动车 | 加速行驶，超越前方车辆,题库缺图,1,q_9l6xg3X7k8nQ,,
927,如图所示，驾车撞毁道路隔离护栏后应立即报警。,正确 | 错误,题库缺图,1,q_uVC7RTuVktQt,,
928,如图所示，驾车通过人行横道线时，应注意礼让行人。,正确 | 错误,题库缺图,1,q_CBYvfOvfuOeQ,,
929,如图所示，驾车通过有这个标志的交叉路口可不减速。,正确 | 错误,题库缺图,1,q_pb6YCetvxIUS,,
930,如图所示，驾车遇到漫水桥时应加速冲过漫水路段。,正确 | 错误,题库缺图,1,q_ikCFcelKfLx_,,
931,如图所示，驾车遇到漫水桥时应断口速冲过漫水路段。,正确 | 错误,题库缺图,1,q_oNzhDSrY_jIo,,
932,如图所示，驾车遇行人正在通过人行横道时，应停车让行。,正确 | 错误,题库缺图,1,q_LgTK2OqKoVUS,,
933,如图所示，驾驶人的这种违法行为一次记多少分？,记3分 | 记6分 | 记12分 | 记24分,题库缺图,1,q_ltIR2WJdcYKb,,
934,如图所示，驾驶机动车从匝道驶入高速公路时，以下做法正确的是什,提前开启右转向灯 | 在匝道上超车 | 直接加速驶入高速公路主线 | 提前开启左转向灯,题库缺图,1,q_7IqCgF4K_eW5,,
935,如图所示，驾驶机动车从匝道驶入高速公路时，以下做法正确的是什么？,提前开启右转向灯 | 在匝道上超车 | 直接加速驶入高速公路主线 | 提前开启左转向灯,残缺队列+题库缺图,1,"q_SRssR83uFjgL,qi_item_ZLA14bZiNdxk",,
936,如图所示，驾驶机动车允许在该路段通行。,正确 | 错误,题库缺图,1,q_dPjRV0Kw_m7n,,
937,如图所示，驾驶机动车可以在该路段通行。,正确 | 错误,题库缺图,1,q_OCxaNaRgDDAZ,,
938,如图所示，驾驶机动车在人行横道前遇到这种情况要停车让行。,正确 | 错误,题库缺图,1,q_1Q-yMwsrh819,,
939,如图所示，驾驶机动车在前方铁路道口处不得掉头。,正确 | 错误,题库缺图,1,q_bYsVg8Rd843h,,
940,如图所示，驾驶机动车在同方向只有1条机动车道的公路上行驶，最高行驶速度不得超过每小时多少公里？,70 | 40 | 60 | 50,残缺队列+题库缺图,1,"q_cEZMBFxhF2xQ,qi_item_omo2XzLmEIks",,
941,如图所示，驾驶机动车在山区道路遇到这种情况要加速超越前车。,正确 | 错误,题库缺图,1,q_dpsHcLzKJPwO,,
942,如图所示，驾驶机动车在没有划分车道的道路上通行，以下正确的做法是什么？,机动车在道路中间通行 | 非机动车在道路中间通行 | 行人在道路中间通行 | 非机动车在道路左侧通行,残缺队列+题库缺图,1,"q_yNK4FGgevq5n,qi_item_X8JZg0n_byR4",,
943,如图所示，驾驶机动车在路口右转弯时，遇相对方向行驶的车辆左转弯时，以下做法正确的是什么？,先让对面车左转弯 | 直接右转弯 | 连续鸣喇叭催促 | 抢在对面车前右转弯,残缺队列+题库缺图,1,"q_kgGCmCM93HgP,qi_item_5k7IDP8z-Ctj",,
944,如图所示，驾驶机动车在路口直行遇到这种信号灯应该怎样行驶？,不得越过停止线 | 加速直行通过 | 左转弯行驶 | 进入路口等待,残缺队列+题库缺图,1,"q_tlNsK3htLn72,qi_item_4IlzsVMOkSlm",,
945,如图所示，驾驶机动车在路口看到这种信号灯亮时，要加速通过。,正确 | 错误,题库缺图,1,q_1QMNJ61kJ7uG,,
946,如图所示，驾驶机动车在路口遇到这种交通信号时，右转弯的车辆在不妨碍被放行的车辆、行人的情况下，可以通行。,正确 | 错误,残缺队列+题库缺图,1,"q_n8B9hNfYrgME,qi_item_tu9a7zldsxBV",,
947,如图所示，驾驶机动车在路口遇到这种信号灯亮时，不能右转弯。,正确 | 错误,题库缺图,1,q_1VBFYJQI-qr_,,
948,如图所示，驾驶机动车在路口遇到这种信号灯亮时，确认安全后通过。,正确 | 错误,题库缺图,1,q_m2tJJ5g3KO5S,,
949,如图所示，驾驶机动车在路口遇到这种信号灯应该如何行驶？,直行通过 | 向左转弯 | 向右转弯 | 停车等待,题库缺图,1,q_cRpYkihgxxNN,,
950,如图所示，驾驶机动车在路口遇到这种信号灯表示什么意思？,路口警示 | 禁止右转 | 准许直行 | 加速通过,题库缺图,1,q_BBFG8VNnYMsQ,,
951,如图所示，驾驶机动车在路口遇黄灯亮时，应停车等待。,正确 | 错误,题库缺图,1,q_aJbzW3h1pfwZ,,
952,如图所示，驾驶机动车在这种信号灯亮的路口，可以右转弯。,正确 | 错误,题库缺图,1,q_tVSmdQpPuFm6,,
953,如图所示，驾驶机动车在这种情况下不可以左转弯。,正确 | 错误,题库缺图,1,q_xOBE-1U3eR7L,,
954,如图所示，驾驶机动车在这种情况下不能左转弯。,正确 | 错误,题库缺图,1,q_LH-psZv6JoJI,,
955,如图所示，驾驶机动车在这种情况下不能直行和左转弯。,正确 | 错误,题库缺图,1,q_tPK5fEZwEVsu,,
956,如图所示，驾驶机动车在这种情况下临时停车后，为避免机动车前溜，可将转向盘向右转。,正确 | 错误,题库缺图,1,q_06gqAlnSd5C1,,
957,如图所示，驾驶机动车在这种情况下临时停车后，为避免机动车后溜，可将转向盘向左转。,正确 | 错误,题库缺图,1,q_N6WdwM4BsD_e,,
958,如图所示，驾驶机动车在这种情况下可以左转弯。,正确 | 错误,题库缺图,1,q_xk4NDzJHK1p3,,
959,如图所示，驾驶机动车在这种情况下，当C车减速让超车时，A车应该如何行驶？,放弃超越C车 | 加速超越C车 | 鸣喇叭示意B车让行后超车 | 直接向左变更车道，迫使B车让行,残缺队列+题库缺图,1,"q_pZ-ze8lTqn7m,qi_item_lR-xijPjx0DA",,
960,如图所示，驾驶机动车在这种条件的道路上行驶，最高速度不能超过每小时50公里。,正确 | 错误,题库缺图,1,q_mMB3oa6EhCHQ,,
961,如图所示，驾驶机动车在这种道路上行驶遇到这种标志应减速慢行。,正确 | 错误,题库缺图,1,q_2-0OANZxz9G3,,
962,如图所示，驾驶机动车在遇有前方机动车停车排队等候或者缓慢行驶时，以下做法正确的是什么？,从前方车辆两侧穿插 | 在路口外依次排队 | 驶入人行横道，停车等候 | 驶入网状线区域，停车等候,残缺队列+题库缺图,1,"q_dO5QQgyBhtfs,qi_item_aK4Mmac6MKnt",,
963,如图所示，驾驶机动车在遇这种情况时，我方车辆不能超越是因为什,前车正在超车 | 路中心为黄线 | 我方车速不足以超越前车 | 前车速度过快,题库缺图,1,q_y_rmwrKH9Uaf,,
964,如图所示，驾驶机动车在遇这种请况时，我方车辆不能超越是因为什么？,前车正在超车 | 我方车速不足以超越前车 | 前车速度过快 | 路中心线为黄线,题库缺图,1,q_MUG4091RYErB,,
965,如图所示，驾驶机动车在高速公路上发生故障，车辆无法移动时，应在车辆前方150米处放置警告标志。,正确 | 错误,题库缺图,1,q_jVxBPXNAlSHf,,
966,如图所示，驾驶机动车在高速公路出口时，以下正确的说法是什么？,白色导流线处可以临时停车休息 | 不确定出口时应立即停车确认 | 此时可以超越前方车辆 | 进入匝道应提前减速,题库缺图,1,q_pOzdsK6Knlkd,,
967,如图所示，驾驶机动车在高速公路行驶，不得倒车。,正确 | 错误,题库缺图,1,q_4g6Z2iTJ-QVp,,
968,如图所示，驾驶机动车想要超车时，发现左侧蓝色车辆正在超车，以下正确的做法是什么？,直接从道路中间超越 | 放弃超车，再寻找时机 | 鸣喇叭示意蓝车让行 | 交替使用远近光灯示意蓝车让行,题库缺图,1,q_1ZLy_kLCcKHw,,
969,如图所示，驾驶机动车接打电话容易导致发生交通事故。,正确 | 错误,题库缺图,1,q_TKCqxqqMXJU-,,
970,如图所示，驾驶机动车时不应在前风窗玻璃处悬挂放置干扰视线的物品。,正确 | 错误,题库缺图,1,q_IUPci9S7QvR3,,
971,如图所示，驾驶机动车直行遇前方道路堵塞时，车辆可以在黄色网格线区域临时停车等待，但不得在人行横道停车。,正确 | 错误,题库缺图,1,q_YYQ8QVpgCbdV,,
972,如图所示，驾驶机动车经过这种道路时，如果前方没有其他交通参与者，可在道路上随意通行。,正确 | 错误,题库缺图,1,q__bFRXx4zlOOq,,
973,如图所示，驾驶机动车经过这种道路时，如果前方没有其他交通参与者，可在道路上随意通行，,正确 | 错误,题库缺图,1,q_hvFn2dLeEB7F,,
974,如图所示，驾驶机动车经过这种道路时，应降低车速在道路中间通行。,正确 | 错误,题库缺图,1,q_C9iexEHjl-Jk,,
975,如图所示，驾驶机动车行经前方断铁路道口，不得倒车。,正确 | 错误,题库缺图,1,q_DyL1s2gHlm5l,,
976,如图所示，驾驶机动车行经前方铁路道口，不得停车。,正确 | 错误,题库缺图,1,q_HeYIc_l0y_3g,,
977,如图所示，驾驶机动车行经漫水桥时，以下做法正确的是什么？,无需观察，加速行驶通过 | 无需观察，低速行驶通过 | 猛踩加速踏板，快速通过 | 停车察明水情，确认安全后，低速通过,残缺队列+题库缺图,1,"q_bFg_rW8d_uW-,qi_item_nNPYMzzk7y8F",,
978,如图所示，驾驶机动车行经该弯道路段时，可以倒车。,正确 | 错误,题库缺图,1,q_0sEBGO94itaN,,
979,如图所示，驾驶机动车行经该弯道路段时，可以停车。,正确 | 错误,题库缺图,1,q___UAQTm91oaL,,
980,如图所示，驾驶机动车行经该路段时，应减速慢行，避免因眩目导致的交通事故。,正确 | 错误,题库缺图,1,q__at4OPsd2lvP,,
981,如图所示，驾驶机动车行经该隧道路段时，以下错误的做法是什么？,注意保持安全车距 | 可以在隧道内超车 | 开启近光灯 | 按照规定的限速行驶,题库缺图,1,q_AEa7xQDHZiG9,,
982,如图所示，驾驶机动车行经该隧道路段时，可以倒车。,正确 | 错误,题库缺图,1,q_eugXOufymMyM,,
983,如图所示，驾驶机动车行经该隧道路段时，可以掉头。,正确 | 错误,题库缺图,1,q_g3X-0iIQrggH,,
984,如图所示，驾驶机动车行经该隧道路段时，禁止掉头。,正确 | 错误,题库缺图,1,q_LNZzcU9wtA50,,
985,如图所示，驾驶机动车行驶到弯道路段时，以下错误的做法是什么？,加速从左侧车道超车 | 注意保持安全距离 | 按照交通标志规定的限速行驶 | 注意观察对向来车,题库缺图,1,q_oTxKmmZYYBJg,,
986,如图所示，驾驶机动车行驶到此弯道路段可以超车。,正确 | 错误,题库缺图,1,q__pNKwm6RH1Af,,
987,如图所示，驾驶机动车行驶到没有信号灯控制的交叉路口时，以下错误的做法是什么？,注意观察非机动车动向 | 减速慢行 | 加速行驶，在路口内超车 | 与非机动车保持一定的安全距离,题库缺图,1,q_1JqQwuPow1_x,,
988,如图所示，驾驶机动车行驶到这个位置时，如果车前轮已越过停止线不得继续通过。,正确 | 错误,题库缺图,1,q__Q1raqKZQKk7,,
989,如图所示，驾驶机动车行驶至中心有黄色虚实线的路段，可以借用对向车道超越前车。,正确 | 错误,题库缺图,1,q_6C_URMvF2o8C,,
990,如图所示，驾驶机动车行驶至交叉路口，可以倒车。,正确 | 错误,题库缺图,1,q_Oja0gwoNBV6l,,
991,如图所示，驾驶机动车行驶至此位置时，以下做法正确的是什么？,观察左侧无车后，可以左转 | 从该处直接左转 | 不得左转，应当直行 | 倒车退到虚线处换到左转车道,残缺队列+题库缺图,1,"q_raJL8za0xxhX,qi_item_EJ9PV9ZtJeSc",,
992,如图所示，驾驶机动车行驶至此路口时，以下做法正确的是什么？,交替使用远近光灯警告行人 | 连续鸣喇叭催促行人快速通过 | 停车让行 | 加速从行人的身后通过,题库缺图,1,q_7uACt8x3QpLj,,
993,如图所示，驾驶机动车行驶至此路段时，可以直接掉头。,正确 | 错误,题库缺图,1,q_M4Q1vTJ2zeiL,,
994,如图所示，驾驶机动车行驶至此路段时，可在路边临时停车。,正确 | 错误,题库缺图,1,q_lMqWCZBsHarP,,
995,如图所示，驾驶机动车行驶至铁路道口时，以下做法正确的是什么？,在铁路道口掉头 | 停车等待 | 无需观察，加速通过 | 在铁路道口倒车,残缺队列+题库缺图,1,"q__HlSIwi3-BlI,qi_item_YVBerIbcznjD",,
996,如图所示，驾驶机动车要选择绿色箭头灯亮的车道行驶。,正确 | 错误,题库缺图,1,q_Jpr3nMES54NT,,
997,如图所示，驾驶机动车跟车行驶遇到前车遮挡路口交通信号灯时，以下做法正确的是什么？,紧跟前车通过交叉口 | 减速做好停车准备 | 立即变更车道 | 立即停车,题库缺图,1,q_g9qkin2cLNCl,,
998,如图所示，驾驶机动车通过有这个标志的交叉路口可不减速。,正确 | 错误,题库缺图,1,q_a2hEo9-eA0o0,,
999,如图所示，驾驶机动车通过这段山区道路要靠路中心行驶。,正确 | 错误,题库缺图,1,q_OHN55_3mIPA3,,
1000,如图所示，驾驶机动车遇到上坡路，可以向左变更车道跨越白色中心实线超车。,正确 | 错误,题库缺图,1,q_D3yXzWNL6_13,,
1001,如图所示，驾驶机动车遇到前方机动车停车排队等候时，应当依次排队，不得从前方车辆两侧穿插或超越行驶。,正确 | 错误,题库缺图,1,q_gulCFoV7iRM2,,
1002,如图所示，驾驶机动车遇到前方车辆正在掉头时，应当与前车保持足以采取紧急制动措施的安全距离，避免超车。,正确 | 错误,题库缺图,1,q_2WhhhqULE27t,,
1003,如图所示，驾驶机动车遇到前方车辆行驶较慢时，可以在交叉路口内超车。,正确 | 错误,题库缺图,1,q_31K-lfk7Z2hC,,
1004,如图所示，驾驶机动车遇到前方车辆行驶速度较慢时，可以向左变更车道跨越黄色实线超车。,正确 | 错误,题库缺图,1,q_JOnjchJel_bG,,
1005,如图所示，驾驶机动车遇到右侧断车辆强行变道，应减速慢行，让右前方车辆顺利变道。,正确 | 错误,题库缺图,1,q_HyIV8xudQ_9B,,
1006,如图所示，驾驶机动车遇到右侧车辆强行变道，应减速慢行，让右前方车辆顺利变道。,正确 | 错误,题库缺图,1,q_3KLWD_b7UC2W,,
1007,如图所示，驾驶机动车遇到本车道有车逆向驶来时，应立即倒车让行。,正确 | 错误,题库缺图,1,q_dUWuvSNYiTGr,,
1008,如图所示，驾驶机动车遇到没有行人通过的人行横道时不用减速慢行。,正确 | 错误,题库缺图,1,q_rKyUAuC7gZ_C,,
1009,如图所示，驾驶机动车遇到落石路段，为了安全起见，应立即掉头返回。,正确 | 错误,题库缺图,1,q_elVm5GZL9i3u,,
1010,如图所示，驾驶机动车遇到这种信号灯不断闪烁时怎样行驶？,尽快加速通过 | 靠边停车等待 | 注意瞭望安全通过 | 紧急制动,题库缺图,1,q_K09Ec67kZlj9,,
1011,如图所示，驾驶机动车遇到这种信号灯亮时，如果已越过停止线，可以继续通行。,正确 | 错误,题库缺图,1,q_xLRP_rdDr8D7,,
1012,如图所示，驾驶机动车遇到这种信号灯，可在对面直行车前直接向左转弯。,正确 | 错误,题库缺图,1,q_Wviq7qz_NB8D,,
1013,如图所示，驾驶机动车遇到这种情况怎么办？,紧跟前车后方行驶 | 迅速从车左侧超越 | 保持较大跟车距离 | 迅速从车右侧超越,题库缺图,1,q_KlGY0ZhBjrt4,,
1014,如图所示，驾驶机动车遇到这种情况时，A车应当注意避让。,正确 | 错误,题库缺图,1,q_-l3TFXnGsJPZ,,
1015,如图所示，驾驶机动车遇到这种情况能够加速通过，是因为人行横道没有行人通过。,正确 | 错误,题库缺图,1,q_0Asw5BX92cm9,,
1016,如图所示，驾驶机动车遇到这种情况，即使人行横道上没有行人，也不能加速通过。,正确 | 错误,题库缺图,1,q_-8DkjiSAKfbM,,
1017,如图所示，驾驶机动车遇到这种情况，可以轻按喇叭提醒前方非机动车和行人后方有来车。,正确 | 错误,题库缺图,1,q_FAXKE-EVGnJT,,
1018,如图所示，驾驶机动车遇到这种情形时应停车让行。,正确 | 错误,题库缺图,1,q_fp7t3Q9O1UGk,,
1019,如图所示，驾驶机动车遇到这种情形时，应停车让行。,正确 | 错误,题库缺图,1,q_L8uIhjyZ2po9,,
1020,如图所示，驾驶机动车遇到这种情形时，应注意哪些潜在危险？①B车可能借道超车②右侧行人可能穿越马路③出口可能有车辆驶出,②③ | ①②③ | ①③ | ①②,残缺队列+题库缺图,1,"q_FKrQ_15V9cCz,qi_item_Zy0ktRgcS30C",,
1021,如图所示，驾驶机动车遇到这种情形，以下做法正确的是什么？,加速通过 | 鸣喇叭提醒行人让行 | 减速让行，必要时停车 | 变换远近光灯催促行人,残缺队列+题库缺图,1,"q_wpE9K-y4SFge,qi_item_ZQZhGoP6m7eG",,
1022,如图所示，驾驶机动车遇到这种断情况时，A车应当注意避让。,正确 | 错误,题库缺图,1,q_DbhAfuJLmt1F,,
1023,如图所示，驾驶机动车遇到这种断情况，要减速慢行，同时持续鸣喇叭提醒行人查看路况。,正确 | 错误,题库缺图,1,q_1O80x7t8tK_n,,
1024,如图所示，驾驶机动车遇到这种桥时首先怎样办？,保持匀速通过 | 尽快加速通过 | 低速缓慢通过 | 停车察明水情,题库缺图,1,q_UwYtaCHGywZW,,
1025,如图所示，驾驶机动车遇到这种道路，可充分利用空挡滑行，降低油耗。,正确 | 错误,题库缺图,1,q_zEY6y-WLIflc,,
1026,如图所示，驾驶机动车遇前方交通拥堵，可占用公交专用道行驶,正确 | 错误,题库缺图,1,q_ZCZNUlEFI8WP,,
1027,如图所示，驾驶机动车遇前方交通拥堵，可占用公交专用道行驶。,正确 | 错误,题库缺图,1,q_YTX0cSQOtDpM,,
1028,如图所示，驾驶机动车遇前方车断流行驶缓慢时，借用公交专用道超车是正确的。,正确 | 错误,题库缺图,1,q_cSYmBhcTSrI-,,
1029,如图所示，驾驶机动车遇前方车流行驶缓慢时，借用公交专用道超车是正确的。,正确 | 错误,题库缺图,1,q_OiWVUC2sM5ZO,,
1030,如图所示，驾驶机动车遇左侧车道有车辆正在超车时，可以等待左侧车辆完成超车后，再寻找时机超车。,正确 | 错误,题库缺图,1,q_QJpA08TnFrjf,,
1031,如图所示，驾驶机动车遇左侧车道有车辆正在超车时，可以迅速变道，伺机反超。,正确 | 错误,题库缺图,1,q_CnKIX8arrdFu,,
1032,如图所示，驾驶机动车遇这种情况，应减速慢行，同时持续鸣喇叭提醒行人查看路况。,正确 | 错误,题库缺图,1,q_GE6fJ93aqT-3,,
1033,如图所示，驾驶机动车驶出匝道后可以直接驶入行车道。,正确 | 错误,题库缺图,1,q_UzwR06ChqaZR,,
1034,如图所示，驾驶机动车驶出这个路口时应当怎样使用灯光？,提前开启右转向灯 | 提前开启危险报警闪光灯 | 无需开启转向灯 | 提前开启左转向灯,题库缺图,1,q_n6mBEzMp5R8X,,
1035,如图所示，驾驶过程中遇到这种情况时，A车不可以长鸣喇叭提醒道路养护车辆暂停喷水。,正确 | 错误,题库缺图,1,q_K0MMgJinc96d,,
1036,如图所示，驾驶过程中遇到这种情况时，A车可以长鸣喇叭提醒道路养护车辆暂停喷水。,正确 | 错误,题库缺图,1,q_RnKmjHmzsNgB,,
1037,如图所示，黄色机动车从这个位断置驶入匝道的行为是正确的。,正确 | 错误,题库缺图,1,q_Dkmi0pKpZbIE,,
1038,如图所示，黄色机动车从这个位置驶入匝道的行为是正确的。,正确 | 错误,题库缺图,1,q_fb_yTH3EwBOJ,,
1039,如果想超越前方图中这辆慢速度行驶的小汽车，怎样做是正确的？,连续鸣喇叭提示前车 | 从前车左侧直接超越 | 在条件具备时从右侧超越 | 开启左转向灯等待让超,题库缺图,1,q_Ct9nGx2VVaTL,,
1040,对有使用伪造或变造检验合格标志嫌疑的车辆，交通警察只进行罚款处罚。,正确 | 错误,题库缺图,1,q_j5r_ifnmCC1k,,
1041,对未放置保险标志上道路行驶的机动车，可依法扣留机动车。,正确 | 错误,题库缺图,1,q_3oRTYLzOKK4E,,
1042,左侧标志指示高速公路两个行驶方向的目的地。,正确 | 错误,题库缺图,1,q_9HtDPXe89GNR,,
1043,应避免在路况复杂、交通标线不完整的情况下，使用自适应巡航控制系统。,正确 | 错误,题库缺图,1,q_Iom1s2o8neS7,,
1044,开启前照灯近光时，图中指示灯亮起。,正确 | 错误,题库缺图,1,q_DdkhyDocBqmp,,
1045,开启前照灯远光时仪表板上（如图所示）亮起。,正确 | 错误,题库缺图,1,q_piwn9vmXcZZ3,,
1046,开启危险报警闪光灯时，图中指示灯闪烁。,正确 | 错误,题库缺图,1,q_YVdM4ZQwd4be,,
1047,开启近光灯时，图中指示灯亮起。,正确 | 错误,题库缺图,1,q_-gSCIHSFde3q,,
1048,当驾驶员看到以下标志时，需减速慢行，是因为什么？,前方车行道或路面变窄 | 前方有弯道 | 前方车流量较大 | 前方有窄桥,残缺队列+题库缺图,1,"q_Z0iUhbOZ4fDh,qi_item_fUcYmH9Z5y2i",,
1049,打开位置灯开关，（如图所示）亮起。,正确 | 错误,题库缺图,1,q_oK8RX0WdfgOS,,
1050,打开前后雾灯开关，如下图所示指示灯亮起。,正确 | 错误,题库缺图,1,q__6sCYVUrVY2l,,
1051,打开前后雾灯开关，如下图所示断旨示灯亮起。,正确 | 错误,题库缺图,1,q_prmTUbrI6XW2,,
1052,打开前雾灯开关，如下图所示指示灯亮起。,正确 | 错误,题库缺图,1,q_CeAftYj48v1x,,
1053,打开前雾灯开关，（如图所示）亮起。,正确 | 错误,题库缺图,1,q_BUOhHdDd_cDx,,
1054,打开右转向灯开关，如下图所示指示灯亮起。,正确 | 错误,题库缺图,1,q_kpTJ7oTFE7r7,,
1055,打开后雾灯开关，如下图所示指示灯亮起。,正确 | 错误,题库缺图,1,q_t1p7VtnVLBXt,,
1056,打开后雾灯开关，如下图所示指示灯亮起。用,正确 | 错误,题库缺图,1,q_lB8OaIqAeABk,,
1057,打开后雾灯开关，（如图所示）亮起。,正确 | 错误,题库缺图,1,q_MKbQmWuEE35O,,
1058,打开左转向灯开关，（如图所示）亮起。,正确 | 错误,题库缺图,1,q_0hTrSqLO4WLW,,
1059,指示标志的作用是什么？,限制车辆、行人通行 | 指示车辆、行人行进 | 告知方向信息 | 警告前方危险,题库缺图,1,q__99_8ZRRxNlc,,
1060,指示标线的作用是什么？,禁止通行 | 指示通行 | 限制通行 | 警告提醒,题库缺图,1,q_FFQqjl99EnIV,,
1061,指路标志的作用是什么？,限制车辆通行 | 提示限速信息 | 提供方向信息 | 警告前方危险,题库缺图,1,q_u5dCCFV99ZpS,,
1062,机动车仪表板上如下图所示指示灯亮表示发动机可能机油压力过高。,正确 | 错误,题库缺图,1,q_pfMPy9WW_fO3,,
1063,机动车仪表板上如下图所示指示灯亮表示发动机可能机油量不足,正确 | 错误,题库缺图,1,q_4b7ICXey_WFO,,
1064,机动车仪表板上如下图所示指示灯亮表示发动机可能机油量不足。,正确 | 错误,题库缺图,1,q_ifWLtV2OPVRB,,
1065,机动车仪表板上如图所示指示灯一直亮表示什么？,防抱死制动系统故障 | 安全气囊处于故障状态 | 安全气囊处于工作状态 | 安全带没有系好,题库缺图,1,q_ZyRDIkSXvT1j,,
1066,机动车仪表板上如图所示指示灯一直亮，表示安全气囊处于工作状态。,正确 | 错误,题库缺图,1,q_RsmTWFlKTdX9,,
1067,机动车仪表板上如图所示指示灯亮时，提醒驾驶人安全带插头未插入锁扣。,正确 | 错误,题库缺图,1,q_XySgNpmWq7N_,,
1068,机动车仪表板上如图所示指示灯亮时，表示驻车制动器处于制动状态。,正确 | 错误,题库缺图,1,q_fjrZ0BcrJVhJ,,
1069,机动车仪表板上如图所示指示灯亮时，防抱死制动系统处于打开状态。,正确 | 错误,题库缺图,1,q_avbQd0PGRj4-,,
1070,机动车仪表板上如图所示指示灯亮表示启用地板及前风窗玻璃吹风。,正确 | 错误,题库缺图,1,q_TLXelwdPAhnM,,
1071,机动车仪表板上如图所示指示灯亮，提示发动机舱开启。,正确 | 错误,题库缺图,1,q_tSyuOdeHfbzX,,
1072,机动车仪表板上如图所示指示灯亮，提示发电机向蓄电池充电。,正确 | 错误,题库缺图,1,q_J1gLMZaON4an,,
1073,机动车仪表板上如图所示指示灯亮，提示右侧车门未关闭。,正确 | 错误,题库缺图,1,q_6dgIDVr9EQD1,,
1074,机动车仪表板上如图所示指示灯亮，表示行车制动系统可能出现故障。,正确 | 错误,题库缺图,1,q_a77siYoKvZkq,,
1075,机动车仪表板上如图所示指示灯时，防抱死制动系统处于打开状态。态。,正确 | 错误,题库缺图,1,q_nhV0AqjYjG4h,,
1076,机动车仪表板上这个符号如下图表示什么？,一侧车门开启 | 行李舱开启 | 发动机舱开启 | 燃油箱盖开启,题库缺图,1,q_lQp9fuCY0Qia,,
1077,机动车仪表板上（如图所示）亮时，提醒发动机冷却液可能不足。,正确 | 错误,题库缺图,1,q_LcQ_iBwDFKs0,,
1078,机动车仪表板上（如图所示）亮时，提醒发动机需要补充机油。,正确 | 错误,题库缺图,1,q_D72YqNoJ18gZ,,
1079,机动车仪表板上（如图所示）亮表示什么？,左转向指示灯闪烁 | 右转向指示灯闪烁 | 车前后位置灯亮起 | 车前后示宽灯亮起,题库缺图,1,q_RqxDxT8M0lEI,,
1080,机动车仪表板上（如图所示）亮，提示左侧车门未关闭。,正确 | 错误,题库缺图,1,q_KjHW-GK3LKph,,
1081,机动车仪表板上（如图所示）亮，提示行李舱开启。,正确 | 错误,题库缺图,1,q_qUIGF0_qfiIm,,
1082,机动车仪表板上（如图所示）亮，断提示左侧车门未关闭。,正确 | 错误,题库缺图,1,q_QY0BR9ZKrR5I,,
1083,机动车仪表板上（如图所示）亮，表示驻车制动器操纵杆可能没松到底。,正确 | 错误,题库缺图,1,q_1xFmyJ94puGP,,
1084,机动车仪表板上（如图所示）指示灯亮，提示发动机舱开启。,正确 | 错误,题库缺图,1,q_e78my1fQspLy,,
1085,机动车发生故障时，如下图所示指示灯闪烁。,正确 | 错误,题库缺图,1,q_FNUhbbxLxglw,,
1086,机动车在一般道路上发生故障，难以移动时，应提前开启危险报警闪光灯并在车后50-100米设置警告标志。,正确 | 错误,题库缺图,1,q_Uxl9lhi7SfSy,,
1087,机动车在一般道路上发生故障，难以移动的，应提前开启危险报警闪光灯，并在车后50-100米处放置警告标志。,正确 | 错误,题库缺图,1,q_ZIoOm4LvrRSW,,
1088,机动车在夜间通过没有交通信号灯控制的交叉路口时，按照防御性驾驶技术要求，应当环回视野，认真观察路口路况，提前减速，要引人注意，___,使用远光灯 | 使用近光灯 | 使用危险报警闪光灯 | 交替使用远近光灯示意,题库缺图,1,q_1A7NXDUy_HyA,,
1089,机动车在道路上发生故障难以移动时要在车后50米以内设置警告标志。,正确 | 错误,题库缺图,1,q__IsSyVmTH7wr,,
1090,机动车在道路上发生故障难以移动时要在车后50米以内设置警告标志。读,正确 | 错误,题库缺图,1,q_DydDX7KcjgmT,,
1091,机动车在道路上行驶不得超过限速标志、标线标明的速度安全行驶。,正确 | 错误,题库缺图,1,q_GC2ZS_eJyS-i,,
1092,机动车在高速公路上发生故障时，在来车方向50至100米处设置警告标志。,正确 | 错误,题库缺图,1,q_NJsf5FnPuC4_,,
1093,机动车白天在道路上发生故障，妨碍交通又难以移动的，按照防御性驾驶技术要求，应引人注意，立即开启___，并在距来车方向50米至100米处设置警告标志。,示廓灯 | 后位灯 | 远光灯 | 危险报警闪光灯,题库缺图,1,q_Pb9IAF7eDm1x,,
1094,机动车白天在道路上发生故障，妨碍交通又难以移动的，按照防御性驾驶技术要求，应引人注意，立即开启_，并在距来车方向50米至100米处设置警告标志。,示廓灯 | 后位灯 | 远光灯 | 危险报警闪光灯,题库缺图,1,q_IeW99x4VbPPC,,
1095,机动车载运危险化学品，应当经哪个部门批准后，按指定的时间、路线、速度行驶，悬挂警示标志并采取必要的安全措施？,公安机关 | 道路运输管理机构 | 城市管理部门 | 环保部门,题库缺图,1,q_YA0a1r_rdc5f,,
1096,机动车运载超限不可解体物品影响交通安全的，应当按照哪个部门指定的时间、路线、速度行驶，并悬挂明显标志？,道路运输管理机构 | 公安机关交通管理部门 | 城市管理部门 | 安全监督部门,题库缺图,1,q_EnNJeM6rvO1p,,
1097,机动车通过没有交通信号灯、交通标志、交通标线或者交通警察指挥的交叉路口时，按照防御性驾驶技术要求，应当环回视野，用眼睛不断扫视路口周围情况,迅速通过 | 减速慢行 | 适当加速 | 保持行驶速度,题库缺图,1,q_dWugHMo8a02W,,
1098,看到图中所示道路信号灯不断闪烁时，表示机动车可以加速通过。,正确 | 错误,题库缺图,1,q_n2lABPFTnWHO,,
1099,看到图中标志时，应怎样行驶？,路口没有车辆和行人，可以加速A通过 | 不影响其他车辆通过，可以减速B通过 | 在路口停车后向左转头观察，确认安全后，快速通过 | 在路口减速观察，确认安全后通过,题库缺图,1,q_jouaXl2Y0lVF,,
1100,看到这个标志的时候，您应该开启前照灯。,正确 | 错误,题库缺图,1,q_YcWGpRQXNz1C,,
1101,看到这个标志的时候，您应该开启车灯。,正确 | 错误,题库缺图,1,q_a_bjGikC20Xh,,
1102,禁令标志的作用是什么？,禁止或限制行为 | 告知方向信息 | 指示车辆行进 | 警告前方危险,题库缺图,1,q_tIgWrkyIRf-e,,
1103,禁止标线的作用是告知道路使用者道路交通的遵行、禁止、限制等特殊规定。,正确 | 错误,题库缺图,1,q_eMPdUaoSQzAn,,
1104,红圈内导向箭头含义是提示前方需向右合流。,正确 | 错误,题库缺图,1,q_5t4veD22miAE,,
1105,红圈内导向箭头提示前方有左弯。,正确 | 错误,题库缺图,1,q_nDclEQvXD6w1,,
1106,红圈内导向箭头提示前方需向左合流。,正确 | 错误,题库缺图,1,q_wT95bMAjbkOd,,
1107,红圈内导向箭头表示前方道路可左右转弯。,正确 | 错误,题库缺图,1,q_1PolyOzmwltc,,
1108,红圈内指示灯亮时，提示两侧车门未关闭。,正确 | 错误,题库缺图,1,q_SFU9xaIqYp_S,,
1109,红圈内指示灯亮表示（ ）,4030502060607020PRNDH | 后备箱盖开启 | 燃油箱盖开启 | 两侧车门开启,题库缺图,1,q_hAaxr1Hhqt91,,
1110,红圈内标线是公交专用车道。,正确 | 错误,题库缺图,1,q_Q7gs-DA2pbrK,,
1111,红圈内标线是（ ）。选,用 | 17-18 | 大客车专用车道 | 营运客车专用车道,题库缺图,1,q_xoSXcIiPZKrz,,
1112,红圈内标线用于警示车行道数量减少。,正确 | 错误,题库缺图,1,q_sVH2y2S3O0dP,,
1113,红圈内标线的含义是（ ）。,实线一侧禁止越线 | 虚线一侧禁止越线 | 实线一侧允许越线 | 两侧均可越线行驶,题库缺图,1,q_pxKsVpIAKYEE,,
1114,红圈内标线表示大型车应在该车道内行驶。,正确 | 错误,题库缺图,1,q_lOqCyQdGDw7C,,
1115,红圈内标线表示小型车专用车道。,正确 | 错误,题库缺图,1,q_18LsF2yrj_wB,,
1116,红圈内标线表示正在接近车道中障碍物。,正确 | 错误,题库缺图,1,q_NXDH7V7Kwgy5,,
1117,红圈内标线表示每天7:00-8:00、17:00-18:00时间段内车辆禁止右转。,正确 | 错误,题库缺图,1,q__phqVc3ByDw9,,
1118,红圈内标线表示虚线一侧机动车可临时变换车道进出港湾。,正确 | 错误,残缺队列+题库缺图,1,"q_Xn7nmHYUx1VZ,qi_item_IwmKHGbk5HgL",,
1119,红圈内标线表示规定时间内车辆,禁止转弯 | 禁止掉头 | 允许掉头 | 禁止直行,题库缺图,1,q_dku5yuq_kyDy,,
1120,红圈内标线表示规定时间内车辆（ ）。,禁止转弯 | 禁止掉头 | 允许掉头 | 禁止直行,题库缺图,1,q_csYHNeQwDeYT,,
1121,红圈内标线表示该车道可直行或左转。,正确 | 错误,题库缺图,1,q_MIDVHyZ_Whc1,,
1122,红圈内路面数字标记是（,08.001 | 保持车距标记 | 最小间距标记 | 速度限制标记,题库缺图,1,q_wNPYv7BkYV7d,,
1123,行经交叉路口遇这种情况，对面红车享有优先通行权。,正确 | 错误,题库缺图,1,q_h2vEigUtkOh6,,
1124,行经这种交通标线的路段要加速行驶。,正确 | 错误,题库缺图,1,q_TgSZ0hiJqVDQ,,
1125,行车中遇到前方突发事件人突然横穿路面，按照防御性驾术要求，要引人注意，要随机应采用点刹方式减速，并通过刹车繁闪烁提醒后车注意，通过与的眼神交流，正确行人通图，确保安全情况下缓速通过。,正确 | 错误,题库缺图,1,q_TPd5ieBlw0od,,
1126,行车中遇到前方突发事件或行人突然横穿路面，按照防御性驾驶技术要求，要引人注意，要随机应变，采用点刹方式减速，并通过刹车灯频繁闪烁提醒后车注意，通过与行人的眼神交流，正确判断行人通行意图，确保安全情况下缓速通过。,正确 | 错误,题库缺图,1,q_RsP7f-GQvOnj,,
1127,行车中遇到前方突发事件或行人突然横穿路面，按照防御性驾驶技术要求，要引人注意，要随机应变，采用点刹方式减速，并通过刹车灯频繁闪烁提醒后车注意，通过与行人的眼神交流，正确行人通行意图，确保安全情况下缓速通过。,正确 | 错误,题库缺图,1,q_RT1q-9gY8_8c,,
1128,警告标线的作用是提醒道路使用者了解道路上的特殊情况，提高警觉准备应变防范措施。,正确 | 错误,题库缺图,1,q_bubpz4dIeiDo,,
1129,请一下图中红色机动车有几种违法行为？,一种违法行为 | 两种违法行为 | 三种违法行为 | 四种违法行为,题库缺图,1,q_1M35eULdlDV9,,
1130,请判断图中左侧的机动车有几种违法行为？,两种违法行为 | 三种违法行为 | 四种违法行为 | 五种违法行为,题库缺图,1,q_df80PbjzksX-,,
1131,请判断图中红色机动车有几种违法行为？,一种违法行为 | 两种违法行为 | 三种违法行为 | 四种违法行为,题库缺图,1,q_c0Ng7gF1zJiX,,
1132,请判断图中这辆逆向行驶的灰色汽车属于什么行为？,违法行为 | 违规行为 | 违章行为 | 违纪行为,题库缺图,1,q_jt_ZX1Acv0r3,,
1133,请判断图中这辆黄色小型汽车的违法行为是什么？,强行从右侧超车 | 越黄线行驶 | 占用专用车道 | 未开启右转向灯,题库缺图,1,q_fVafvcPLgx4m,,
1134,请图中左侧的机动车有几种违法行为？,两种违法行为 | 三种违法行为 | 四种违法行为 | 五种违法行为,题库缺图,1,q_LUyc08SKTNL6,,
1135,请图中红色机动车有几种违法行为？,一种违法行为 | 两种违法行为 | 三种违法行为 | 四种违法行为,题库缺图,1,q_yNqSxJr0b8cZ,,
1136,超车时应加大横向车距，必要时可越实线超车。,正确 | 错误,题库缺图,1,q_9RR-WFtU-NbV,,
1137,超车时应加大横向车距，必要时断可越实线超车。,正确 | 错误,题库缺图,1,q_e84d1_7ayYvu,,
1138,超车时应确认具备足够的横向距离，不可越实线超车。,正确 | 错误,题库缺图,1,q_J2_135ZEKyo3,,
1139,距离图中路段50米内不得停放机动车。,正确 | 错误,题库缺图,1,q_YwxFvAWdZlsW,,
1140,路两侧的车行道边缘白色实线是什么含义？,机动车可临时跨越 | 非机动车可临时跨越 | 车辆可临时跨越 | 禁止车辆跨越,题库缺图,1,q_8ZU67BXDj240,,
1141,路中两条双黄色虚线是什么标线？,单向分道线 | 可跨越分道线 | 潮汐车道线 | 双向分道线,残缺队列+题库缺图,1,"q_FHlP9K3fUOle,qi_item_55I3w34HzBM0",,
1142,路中心的双黄实线作用是分隔对向交通流，在保证安全的前提下，可越线超车或转弯。,正确 | 错误,题库缺图,1,q_01JkTbGYEPCZ,,
1143,路中心的双黄实线作用是分隔对断向交通流，在保证安全的前提下，可越线超车或转弯。,正确 | 错误,题库缺图,1,q_P5TpzYQT4bRv,,
1144,路中心的双黄实线属于哪一类标线？,指示标线 | 辅助标线 | 警告标志 | 禁止标线,题库缺图,1,q_5GFQFeHUFnTH,,
1145,路中心黄色虚线属于哪一类标线？,指示标线 | 禁止标线 | 警告标志 | 辅助标线,题库缺图,1,q_7W1I5TpAEcqc,,
1146,路中心黄色虚线的含义是分隔对向交通流，在保证安全的前提下，可越线超车或转弯。,正确 | 错误,题库缺图,1,q__tU7VskJzomR,,
1147,路中白色虚线是什么标线？,禁止跨越对向车道中心线 | 限制跨越对向车道中心线 | 可跨越同向车道中心线 | 单向行驶车道分界中心线,题库缺图,1,q_LhHBzmuW4JA2,,
1148,路中间的双黄实线属于哪种标线？,指示标线 | 辅助标线 | 警告标志 | 禁止标线,题库缺图,1,q_1tSoxNGpGs8p,,
1149,路口最前端的双白虚线，代表停车让行线。,正确 | 错误,题库缺图,1,q_2oTdLV7ZL3b8,,
1150,路右侧车行道边缘白色虚线是什么含义？,车辆可临时越线行驶 | 车辆禁止越线行驶 | 应急车道分界线 | 人行横道分界线,残缺队列+题库缺图,1,"q_g3EXxLm2JmTx,qi_item_wswqy5p-71EV",,
1151,路缘石上的黄色实线是何含义？,仅允许上下人员 | 仅允许装卸货物 | 禁止长时间停车 | 禁止停放车辆,题库缺图,1,q_PSlJiYc3rkDi,,
1152,路缘石上的黄色虚线是何含义？,禁止临时停车 | 禁止上下人员 | 禁止长时停车 | 禁止装卸货物,题库缺图,1,q_-d2Qim6uNNcg,,
1153,路面上白色虚线和三角地带标线组成的是什么标线？,道路入口标线 | 可跨越式分道线 | 道路入口减速线 | 道路出口标线,残缺队列+题库缺图,1,"q_SJKMdCorR-97,qi_item_o6Re-fEAhU0f",,
1154,路面上的黄色标线是何含义？,车行道变多标线 | 路面宽度渐变标线 | 接近障碍物标线 | 施工路段提示线,题库缺图,1,q_qqjox-oqAf3X,,
1155,路面上的黄色标记是何含义？,禁止左转 | 禁止掉头 | 禁止右转 | 禁止直行,残缺队列+题库缺图,1,"q_Vw6SMYz76L9D,qi_item_3sOC81R2Dl5O",,
1156,路面由白色虚线和三角地带标线组成的是什么标线？,道路入口标线 | 可跨越式分道线 | 道路出口减速线 | 道路出口标线,残缺队列+题库缺图,1,"q_J6PSX3433i8n,qi_item_4yHlYNDmr2zU",,
1157,车辆出现故障时，可以在图中位置进行维修。,正确 | 错误,题库缺图,1,q_Hl5_LRER2-nH,,
1158,车辆发生故障而无法移动时，首先应在车辆后方50-150米处放置危险警告标志，防止后车追尾。,正确 | 错误,题库缺图,1,q_TZMsKcs82T6w,,
1159,车辆发生故障而无法移动的，首先要在车辆后方50-150米处放置危险警告标志，以防后车追尾。,正确 | 错误,题库缺图,1,q_T1SgsLdUa7s9,,
1160,车辆在一般道路发生故障，应开启危险报警闪光灯，并在车后50到100米设置警告标志，如不按规定使用灯光和设置警告标志的，将被一次记多少分？,1分 | 12分 | 3分 | 6分,题库缺图,1,q_W3-lsiPTIhB7,,
1161,车辆在高速公路上发生故障后，为寻求其他车辆的帮助，可将警告标志放置在其他车道。,正确 | 错误,题库缺图,1,q_2xsVEWlrYhFD,,
1162,车辆进入山区道路后，要特别注意“连续转弯”标志，并主动避让车辆及行人，适时减速和提前鸣喇叭。,正确 | 错误,题库缺图,1,q_OkRmUjRF-JKZ,,
1163,车辆通过学校和小区应注意观察标志标线，低速行驶，不要鸣喇叭。,正确 | 错误,题库缺图,1,q_fH-5xQo7MuUN,,
1164,这个地面标记的含义是预告前方设有交叉路口。,正确 | 错误,题库缺图,1,q_Q1yFdQLb7E2q,,
1165,这个导向箭头是何含义？,提示前方有左弯或需向左合流 | 提示前方有右弯或需向右合流 | 提示前方右侧有障碍或需向左合流 | 提示前方有左弯或需向左绕行,残缺队列+题库缺图,1,"q_62e2dcEVVGU4,qi_item_fXYE0Lf6fRDm",,
1166,这个标志为向左急弯路标志，用以警告车辆驾驶人前方有急弯。,正确 | 错误,题库缺图,1,q_P9QZG1yxyEbw,,
1167,这个标志代表加油站。,正确 | 错误,题库缺图,1,q_S4LPGdVyVkuV,,
1168,这个标志提示哪种车型禁止通行驶入？,中型客车 | 小型货车 | 各种车辆 | 小型客车,题库缺图,1,q_GXPYaevkhtLG,,
1169,这个标志是人行横道标志，机动车驾驶人行经此处时应注意观察行人。,正确 | 错误,题库缺图,1,q__zHFieJ4GoI6,,
1170,这个标志是什么含义？出口133B,北G55 | 永州 | 高速公路直出车道指引 | 高速公路地点距离预告,题库缺图,1,q_VgepS_jByhoC,,
1171,这个标志是何含义？Pi,停车点 | 服务站 | 停车场 | 应急避难场所,题库缺图,1,q_TNRxic9Te9Tr,,
1172,这个标志是何含义？出口1338,北G55 | 永州 | 高速公路直出车道指引 | 高速公路地点距离预告,题库缺图,1,q_xUac6e6tZRhU,,
1173,这个标志是何含义？左32出口前进路广州,高速公路下一出口预告 | 高速公路右侧出口预告 | 高速公路目的地预告 | 高速公路左侧出口预告,题库缺图,1,q_EThdtEKx69gv,,
1174,这个标志是何含义？左32出口前进路广州番禺,高速公路下一出口预告 | 高速公路右侧出口预告 | 高速公路目的地预告 | 高速公路左侧出口预告,题库缺图,1,q_2Neo-8dWctaT,,
1175,这个标志是何含义？米,量路尺 | 注意积水 | 交通事故勘察尺 | 注意前方限高,题库缺图,1,q_F5UfmfWno-u_,,
1176,这个标志是公交专用车道标志表示该车道仅供公交车辆、通勤班车等大型载客汽车通行。,正确 | 错误,题库缺图,1,q_YTRJ4GACa-2J,,
1177,这个标志是公交专用车道标志，表示该车道仅供公交车辆、通勤班车等大型载客汽车通行。,正确 | 错误,题库缺图,1,q_Eg2Er-Tpa-pJ,,
1178,这个标志是线形诱导标志，用以引导行车方向，提醒驾驶人谨慎驾驶。,正确 | 错误,题库缺图,1,q_QsPeASSyzIcW,,
1179,这个标志是设置在有人看守的铁路道口，提示驾驶人距有人看守的铁路道口的距离还有100米。,正确 | 错误,题库缺图,1,q_U1IFPFjB7zxX,,
1180,这个标志的作用是用以警告车辆驾驶人谨慎慢行，注意横向来车。,正确 | 错误,题库缺图,1,q__hG1YWj--Noc,,
1181,这个标志的含义是前方即将行驶至Y形交叉路口。,正确 | 错误,题库缺图,1,q_1ED8SnodaMEP,,
1182,这个标志的含义是告示前方是塌断方路段，车辆应绕道行驶。,正确 | 错误,题库缺图,1,q_2I6V4exTsM9n,,
1183,这个标志的含义是告示前方是塌方路段，车辆应绕道行驶。,正确 | 错误,题库缺图,1,q_U_NQdhk1mSZE,,
1184,这个标志的含义是告示前方是拥堵路段，注意减速慢行。,正确 | 错误,题库缺图,1,q_WlWE3rhy7ZJa,,
1185,这个标志的含义是告示前方道路施工，车辆左右绕行。,正确 | 错误,题库缺图,1,q_uLkD5clEQfkq,,
1186,这个标志的含义是告示前方道路是单向通行路段。,正确 | 错误,题库缺图,1,q_kcsVicjd2mUA,,
1187,这个标志的含义是告示前方道路有障碍物，车辆左侧绕行。,正确 | 错误,题库缺图,1,q_fDyKQGM5jAi1,,
1188,这个标志的含义是告示车辆驾驶人应慢行或停车，确保干道车辆优先。,正确 | 错误,题库缺图,1,q_XUMSsbakkSXe,,
1189,这个标志的含义是指示此处设有室内停车场。,正确 | 错误,题库缺图,1,q_5DT1gNRFkGZz,,
1190,这个标志的含义是指示此处设有断室内停车场。,正确 | 错误,题库缺图,1,q_sWozVGWhaLFF,,
1191,这个标志的含义是提醒前方两侧行车道或路面变窄。,正确 | 错误,题库缺图,1,q_rLAs6Z1JmR9o,,
1192,这个标志的含义是提醒前方右侧行车道或路面变窄。,正确 | 错误,题库缺图,1,q_spWwD7KG-nkS,,
1193,这个标志的含义是提醒前方左侧行车道或路面变窄。,正确 | 错误,题库缺图,1,q_CeEPZgteoD20,,
1194,这个标志的含义是提醒前方桥面宽度变窄。,正确 | 错误,题库缺图,1,q_QaG3Io1AGahq,,
1195,这个标志的含义是提醒前方注意双向行驶。,正确 | 错误,题库缺图,1,q_SIncfx994ia4,,
1196,这个标志的含义是提醒前方道路变为不分离双向行驶路段。,正确 | 错误,题库缺图,1,q_NDhZ3N8jKb9z,,
1197,这个标志的含义是提醒车辆驾驶人前方是傍山险路路段。,正确 | 错误,题库缺图,1,q_NjFo20UmGitm,,
1198,这个标志的含义是提醒车辆驾驶人前方是单向行驶并且照明不好的涵洞。,正确 | 错误,题库缺图,1,q_RoWRlhkAh8Bo,,
1199,这个标志的含义是提醒车辆驾驶人前方是堤坝路段。,正确 | 错误,题库缺图,1,q_bb2mbsCR4ANn,,
1200,这个标志的含义是提醒车辆驾驶人前方是急转弯路段。,正确 | 错误,题库缺图,1,q_-wN9Ma0LPgGx,,
1201,这个标志的含义是提醒车辆驾驶人前方是无人看守铁路道口。,正确 | 错误,题库缺图,1,q_wTDqNI_TFzt7,,
1202,这个标志的含义是提醒车辆驾驶人前方是桥头跳车较严重的路段。,正确 | 错误,题库缺图,1,q_NNDDtr3ci43-,,
1203,这个标志的含义是提醒车辆驾驶人前方是车辆渡口。,正确 | 错误,题库缺图,1,q_gt0ym0fyEr_Y,,
1204,这个标志的含义是提醒车辆驾驶人前方是过水路面或漫水桥路段。,正确 | 错误,题库缺图,1,q_UIV3pywE4HK3,,
1205,这个标志的含义是提醒车辆驾驶人前方是非机动车道。,正确 | 错误,题库缺图,1,q_oCtrXd7P-1Bf,,
1206,这个标志的含义是提醒车辆驾驶人前方有很强的侧向风。,正确 | 错误,题库缺图,1,q_u2Jk3GG0Q_qv,,
1207,这个标志的含义是提醒车辆驾驶人前方路段通过村庄或集镇。,正确 | 错误,题库缺图,1,q_VxIAQozudw9g,,
1208,这个标志的含义是提醒车辆驾驶人前方路面颠簸或有桥头跳车现象。,正确 | 错误,题库缺图,1,q_kDBcQ4BJXau_,,
1209,这个标志的含义是硬路肩允许行驶路段开始。,正确 | 错误,题库缺图,1,q_WTg-kQKjvTeJ,,
1210,这个标志的含义是禁止车货总体外廓高度超过标志所示数值的车辆通行。,正确 | 错误,题库缺图,1,q_n6zxEk-LZ2Ew,,
1211,这个标志的含义是禁止车货总体断外廓高度超过标志所示数值的车辆通行。,正确 | 错误,题库缺图,1,q_y2p7yyHAoyB3,,
1212,这个标志的含义是表示车辆会车时，对方车辆应停车让行。,正确 | 错误,题库缺图,1,q_QE_L34XYO-XK,,
1213,这个标志的含义是警告前方出现向左的急转弯路。,正确 | 错误,题库缺图,1,q_ROPodAK7PV27,,
1214,这个标志的含义是警告前方有两个相邻的反向转弯道路。,正确 | 错误,题库缺图,1,q_Bdbmgbw91kQ8,,
1215,这个标志的含义是警告前方道路易滑，注意慢行。,正确 | 错误,题库缺图,1,q_KzRHXW0xLAqO,,
1216,这个标志的含义是警告前方道路有障碍物，车辆减速绕行。,正确 | 错误,题库缺图,1,q_JwTaFyjkEq65,,
1217,这个标志的含义是警告车辆驾驶人前方是人行横道。,正确 | 错误,题库缺图,1,q_81H8iiHO5S8u,,
1218,这个标志的含义是警告车辆驾驶人前方是学校区域。,正确 | 错误,题库缺图,1,q_btBT_vgeMs11,,
1219,这个标志的含义是警告车辆驾驶人注意前方设有信号灯。,正确 | 错误,题库缺图,1,q_vbe6ZKNFlZSW,,
1220,这个标志表示向左急弯路，用以警告车辆驾驶人前方有急弯。,正确 | 错误,题库缺图,1,q_9CXyEy7wScL3,,
1221,这个标志表示校车专用停车位，此处仅允许校车停放。,正确 | 错误,题库缺图,1,q_X_tn1QDxrLBJ,,
1222,这个标志表示注意前方车道数量变少。,正确 | 错误,题库缺图,1,q_lPeHh2N4DuA9,,
1223,这个标志表示禁止载货汽车驶入。,正确 | 错误,题库缺图,1,q_CTFpvi3zt9P2,,
1224,这个标志表示警告车辆驾驶人注意残疾人，减速慢行。,正确 | 错误,题库缺图,1,q_yZGBHDeBMg4_,,
1225,这个标志表示警告驾驶人减速慢行，注意行人。,正确 | 错误,题库缺图,1,q_QYdl5ioqjIhX,,
1226,这个标志表示驾车行至该标志处开启车灯，设在隧道口前等需要开车灯处。,正确 | 错误,题库缺图,1,q_6hemNQYkeynO,,
1227,这种停车标线含义是什么？,专用待客停车位 | 专用上下客停车位 | 固定停车方向停车位 | 机动车限时停车位,残缺队列+题库缺图,1,"q_KaHwL8hImUzo,qi_item_PZf0_Wc2b1EH",,
1228,这种握转向盘的动作是正确的,正确 | 错误,题库缺图,1,q_V3cvD8eh_lJ1,,
1229,这种握转向盘的动作是正确的。,正确 | 错误,题库缺图,1,q_Oj_f3yxjsXgq,,
1230,这种标志的作用是警告车辆驾驶人前方有危险，谨慎通行。,正确 | 错误,题库缺图,1,q_ngLbehFkiTU4,,
1231,这种白色矩形标线框含义是什,长时停车位 | 限时停车位 | 专用停车位 | 免费停车位,题库缺图,1,q_NmcGgHdl_xKM,,
1232,这种白色矩形标线框是什么含义？,出租车专用上下客停车位 | 平行式停车位 | 倾斜式停车位 | 垂直式停车位,题库缺图,1,q_dqd1pwo9rkgW,,
1233,这种黄黑相间的倾斜线条是什么标记？,减速标记 | 实体标记 | 突起标记 | 立面标记,题库缺图,1,q_7XOwgSPTqQSC,,
1234,违反交通信号灯通行的一次记12分。,正确 | 错误,题库缺图,1,q_VxDw4snjyMOj,,
1235,通过有交通信号灯控制的路口，遇停止信号时，依次停在停止线以外。,正确 | 错误,题库缺图,1,q_bEM7WDlcgQWI,,
1236,通过没有交通信号灯控制也没有交通警察指挥的交叉路口，有交通标志、标线控制的，让优先通行的一方先行。,正确 | 错误,题库缺图,1,q_KQ2hUeafaJ_C,,
1237,遇到一个图中所示的漫水路段时，要提前减速，谨慎慢行进入水区，在涉水路段行驶，一定要低速缓慢行驶，涉水途中禁止停车。,正确 | 错误,题库缺图,1,q_4TfTG_e6HWw4,,
1238,遇到交通信号灯、交通标志或交通标线与交通警察的指挥不一致时，应如何行驶？,按交通信号灯行驶 | 按交通警察指挥行驶 | 按交通标志行驶 | 按交通标线行驶,题库缺图,1,q_BDF-kr7W97PU,,
1239,遇到图中情况，应如何行驶？,停车让行人先通过 | 减速缓慢行驶通过 | 连续鸣喇叭告知行人 | 加速从行人的前方通过,题库缺图,1,q_m-NnkTsUK33z,,
1240,遇到图中情况，我方机动车应如何行驶？,只要不影响对面车辆左转就可以向右转弯 | 不用考虑对面车辆直接向右转弯 | 等待对面车辆向左转后再向右转弯 | 如果已经越过停止线就可以加速向右转弯,残缺队列+题库缺图,1,"q_X53hPI3T7ITU,qi_item_yr4zCqajHsc9",,
1241,遇到图中情形可加速通过。,正确 | 错误,题库缺图,1,q_Wy7qMLSQcUQg,,
1242,遇到图中所示前方车辆停车等待的情形，我方车辆应如何行驶？,穿插到蓝色小型客车前停车 | 依次在蓝色小型客车后停车等待 | 向前直行至不能继续行驶为止 | 鸣喇叭催促蓝色小型客车前移,题库缺图,1,q_KOF0xuUyb0QK,,
1243,遇到图中所示标志，如何停车？,选择在路边不妨碍通行的地方停A放 | 选择在标志前方安全的位置停车 | 只要没有禁止停车标线的路段都能停车 | 在这段道路上的任何地方都不能停车,题库缺图,1,q_EfYdKuQ_vx_R,,
1244,遇到图中所示的情况，我方车辆应怎样行驶？,只要不影响对面车辆左转就可以向右转弯 | 不用考虑对面车辆直接向右转弯 | 等待对面车辆向左转后再向右转弯 | 如果已经越过停止线就可以加速向右转弯,题库缺图,1,q_OACpyxiZPg8H,,
1245,遇到图中这种情况不能超车。,正确 | 错误,题库缺图,1,q_LDb8jmdVzcKA,,
1246,遇到图中这种情况，哪种驾驶行为是正确的？,直行通过路口 | 向左转弯通过路口 | 向右转弯通过路口 | 在路口掉头行驶,题库缺图,1,q_IvtNBskuj4Ac,,
1247,遇到图中这种有车道信号灯的路断段，应该选择右侧或者左侧车道行驶。,正确 | 错误,题库缺图,1,q_srWCPyEzWiiv,,
1248,遇到图中这种有车道信号灯的路段，应该选择哪条车道行驶？,选择左侧车道行驶 | 选择中间车道行驶 | 选择右侧车道行驶 | 选择任一车道行驶,题库缺图,1,q_zU_vDk0YO-ag,,
1249,遇到图中这种黄灯不断闪烁，是提醒车辆应注意什么？,路口禁止一切车辆通行 | 路口交通信号暂时解除 | 路口交通管制需要清空 | 前方路口或道路是危险路段,题库缺图,1,q_oEE9A9IWz-43,,
1250,遇到这个标志时，您应该主动确断认您与前车之间的距离。,正确 | 错误,题库缺图,1,q_S6de0KDwrnVw,,
1251,遇到这个标志时，您应该主动确认您与前车之间的距离。,正确 | 错误,题库缺图,1,q_la4yepM-YayA,,
1252,遇到这个标志，您不可以左转，但是可以掉头。,正确 | 错误,题库缺图,1,q_eDg4YGn-tnkK,,
1253,遇到这种情况可以从右侧超车。,正确 | 错误,题库缺图,1,q_7ne33_q6jMR-,,
1254,遇到这种情况时怎样行驶？,禁止车辆在两侧车道通行 | 减速进入两侧车道行驶 | 进入右侧车道行驶 | 加速进入两侧车道行驶,题库缺图,1,q_WzGn0JR00o20,,
1255,遇到这种情况时，中间车道不允许车辆通行。,正确 | 错误,题库缺图,1,q_TNdp52DMi03V,,
1256,遇到这种情况的路口怎样通过？,左转弯加速通过 | 加速直行通过 | 右转弯加速通过 | 确认安全后通过,题库缺图,1,q_Dea27d6zXtWP,,
1257,遇到这种情况的路段，可以进入网状线区域内停车等候。,正确 | 错误,题库缺图,1,q_smZVVH7Rjd95,,
1258,遇到这种情形时，应怎么办？,从行人前方绕行 | 停车让行人先行 | 鸣喇叭提醒行人 | 从行人后方绕行,题库缺图,1,q_XolOTXvYPFac,,
1259,遇图中情形应减速让行,正确 | 错误,题库缺图,1,q_-R7ToShWrSlC,,
1260,遇图中情形应减速让行。,正确 | 错误,题库缺图,1,q_IyKbIsGOXesS,,
1261,遇图中所示的情景，怎样做是正确的？,提前变更到中间车道超越 | 提前变更到最左侧车道超越 | 停在校车后方使用灯光催促 | 适当鸣喇叭低速从左侧超越,题库缺图,1,q_twlfRQBstpm7,,
1262,遇图中有车道信号灯的路段，应选择右侧或左侧车道行驶。,正确 | 错误,题库缺图,1,q_KC-MJZNIeqvm,,
1263,道路交通事故中，机动车无号牌、检验合格标志、保险标志时，要保护现场并立即报警。,正确 | 错误,题库缺图,1,q_Q0AOV0tL4She,,
1264,道路交通标线分为指示标线、警告标线、禁止标线。,正确 | 错误,题库缺图,1,q_9299F8yimGtm,,
1265,铁路道口设置这个标志，是提示驾驶人前方路口只有单股铁道。,正确 | 错误,题库缺图,1,q_2Z5N98pHAFPg,,
1266,闪光警告信号灯为持续闪烁的黄灯，其作用是提示车辆、行人需要快速通过。,正确 | 错误,题库缺图,1,q_Vp3y-AXgGk-7,,
1267,非法安装警报器、标志灯具的将处200元以上2000元以下罚款。,正确 | 错误,题库缺图,1,q_08jr7L8mEze3,,
1268,非法安装警报器或标志灯具的，将处200元以上2000元以下罚款。,正确 | 错误,题库缺图,1,q_LD0zEhnKfxO3,,
1269,驶近一个图中所示的路口时，必须先停车再重新起步通过路口。,正确 | 错误,题库缺图,1,q_tamcWW6Rpf3S,,
1270,驶近一个图中所示的铁路道口时，只要看到栏杆还没放下来，就可以加速通过道口。,正确 | 错误,题库缺图,1,q_ntIv5QtJzTa9,,
1271,驶近图中所示的路口时，必须先停车再重新起步通过路口。,正确 | 错误,题库缺图,1,q_8yzYaYADG2tI,,
1272,驶近图中所示的路段时，只要没有车辆和行人在人行横道上通过，就可以加速通过。,正确 | 错误,题库缺图,1,q_LAEaZ__7l4Jz,,
1273,驶近图中所示的铁路道口，怎样做才是正确的？,如果没有看到列车驶来，可以快速横过道口 | 通过铁路道口要做到“一看、二慢、三通过” | 只要路口的红色信号灯不亮，就可以加速通过 | 没有看到铁路管理人员指挥，说明可以迅速通过,题库缺图,1,q_1EfT81euBvnQ,,
1274,驾车在交叉路口右转弯时，应提前开启右转向灯，不受信号灯和车速限制。,正确 | 错误,题库缺图,1,q_KdGg96JnH2BF,,
1275,驾车在铁路道口看到图中信号灯时怎样行驶？,边观察边缓慢通过 | 不换挡加速通过 | 在火车到来前通过 | 不得越过停止线,题库缺图,1,q_DYu3Ns9cvzfr,,
1276,驾车在高速公路发生故障停车后，应当立即开启危险报警闪光灯，按规定放置警告标志，将车内人员转移至安全位置。,正确 | 错误,题库缺图,1,q_XxOMYXFaGoVl,,
1277,驾车遇到图中情形要加速从左侧灰色车辆前变更车道。,正确 | 错误,题库缺图,1,q_9TlSOCeGRfR4,,
1278,驾车遇图中情形时，不仅要留出会车空间，也要与路侧行人保持足够安全距离。,正确 | 错误,题库缺图,1,q_KjOXMWKXaUFY,,
1279,驾车遇图中情形时，不仅要留出断会车空间，也要与路侧行人保持足够安全距离。,正确 | 错误,题库缺图,1,q_Q53r81dHjTic,,
1280,驾驶下图所示车辆的，驾驶证准驾车型为B2。,正确 | 错误,题库缺图,1,q_0nsT38gbVuFh,,
1281,驾驶人在实习期内驾驶机动车时，应当在车身后部粘贴或者悬挂统一式样的实习标志。,正确 | 错误,题库缺图,1,q_q5dE7f3a5uhI,,
1282,驾驶人在实习期内驾驶机断动车时，应当在车身后部粘贴或者悬挂统一式样的实习标志。,正确 | 错误,题库缺图,1,q_0SzpRU06_MT_,,
1283,驾驶人有使用其他车辆保险标志嫌疑的，交通警察可依法扣留车辆。,正确 | 错误,题库缺图,1,q_AeBi8EC5Bd7e,,
1284,驾驶人有使用其他车辆检验合格标志嫌疑的，交通警察可依法扣留车辆。,正确 | 错误,题库缺图,1,q_bUtNKFf8QHYY,,
1285,驾驶人看到以下标志时，应减速慢行，必要时停车等待或绕道行驶。,正确 | 错误,题库缺图,1,q_FFDnDWsvWfMJ,,
1286,驾驶人行车中看到注意儿童标志的时候，应怎样做？,加速行驶 | 绕道行驶 | 保持正常车速行驶 | 谨慎选择行车速度,题库缺图,1,q_DH0s9zTMznhZ,,
1287,驾驶图中机动车上路行驶，一次记几分？,3分 | 6分 | 9分 | 12分,题库缺图,1,q_DeuGU01qGiuN,,
1288,驾驶图中车辆上路行驶的，会被一次记几分？,3分 | 6分 | 9分 | 12分,题库缺图,1,q_SppqGXC2Q6sb,,
1289,驾驶图中这辆机动车能否进入高速公路行驶？,有取得该车型驾驶证驾驶人随车指导可以进入 | 在持该车型驾驶证3年以上的驾驶人陪同下允许进入 | 取得准驾该车型驾驶证的驾驶人可以独立驾驶进入 | 在高速公路收费人员许可的前提下通过收费口进入,题库缺图,1,q_byzK__HXkJ5P,,
1290,驾驶机动车上道路行驶，不允许超过限速标志标明的最高时速。,正确 | 错误,题库缺图,1,q_QmAvrL8OF5wA,,
1291,驾驶机动车不按交通信号灯指示通行的，一次记3分。,正确 | 错误,题库缺图,1,q_8roQ97z9r6Lp,,
1292,驾驶机动车不按交通信号灯指示通行的，一次记6分。,正确 | 错误,题库缺图,1,q_37x_bSLHHUoV,,
1293,驾驶机动车不按交通信号灯指示通行的，一次记几分？,1分 | 3分 | 6分 | 12分,题库缺图,1,q_Pgy-XnDe3E_T,,
1294,驾驶机动车不按交通信号灯指示通行的，将被一次记多少分？,1分 | 3分 | 6分 | 12分,题库缺图,1,q_CQQJOCqtQdRJ,,
1295,驾驶机动车不能进入红色叉形灯或者红色箭头灯亮的车道。,正确 | 错误,题库缺图,1,q_t__lzlhUwrFv,,
1296,驾驶机动车准备驶出高速公路时，遇有1km出口预告标志后，在左侧车道跟车行驶。,正确 | 错误,题库缺图,1,q_E1NIpKghUEr7,,
1297,驾驶机动车准备驶出高速公路时，遇有什么标志后在右侧车道跟车行驶不宜超车？,500m出口预告标志 | 1km出口预告标志 | 2km出口预告标志 | 3km出口预告标志,题库缺图,1,q_hC9FtQGEi15V,,
1298,驾驶机动车在交叉路口前变更车道时，应在进入实线区后，开启转向灯，变更车道。,正确 | 错误,题库缺图,1,q_7pjBzsdhK90y,,
1299,驾驶机动车在交叉路口遇到这种信号灯亮时，应在停止线前停车瞭望。,正确 | 错误,题库缺图,1,q_Qo9lm962cxij,,
1300,驾驶机动车在图中情形下可以右转弯。,正确 | 错误,题库缺图,1,q_u_sUrITBal1F,,
1301,驾驶机动车在夜间发生故障无法移动时，应立即开启危险报警闪光灯，在来车方向摆放危险警告标志。,正确 | 错误,题库缺图,1,q_cA8OgC3nVI7E,,
1302,驾驶机动车在有禁止左转弯标志断的地点可以掉头。,正确 | 错误,题库缺图,1,q_RMjTn9uU79jA,,
1303,驾驶机动车在路口遇到这种信号灯亮时，要在停止线前停车瞭望,正确 | 错误,题库缺图,1,q_w9jDok8dXUZX,,
1304,驾驶机动车在路口遇到这种信号灯禁止通行。,正确 | 错误,题库缺图,1,q_FICWuETAVCXX,,
1305,驾驶机动车在路口遇到这种情况如何行驶？,可以向右转弯 | 靠右侧直行 | 遵守交通信号灯 | 停车等待,题库缺图,1,q_zEi89iI-hwhY,,
1306,驾驶机动车在这种情况下可以右转弯。,正确 | 错误,题库缺图,1,q_cnsQ71VeLOlt,,
1307,驾驶机动车在这种道路上如何通行？,在道路两边通行 | 在道路中间通行 | 实行分道通行 | 可随意通行,题库缺图,1,q__vf66YVhH2_C,,
1308,驾驶机动车在高速公路上发生故障时，应在来车方向多少米外设置警告标志？,150 | 50 | 100 | 200,题库缺图,1,q_KsInbc8h0nGc,,
1309,驾驶机动车在高速公路上车辆发生故障时，若车辆可以移动至应急车道内，只需开启危险报警闪光灯，警告标志可根据交通流情况选择是否放置。,正确 | 错误,题库缺图,1,q_TlGL5_iEsrx_,,
1310,驾驶机动车在高速公路发生故障，需要停车排除故障时，以下做法先后顺序正确的是？ ①放置警告标志，转移乘车人员至安全处，迅速报警②开启危险报警闪光灯③将车辆移至不妨碍交通的位置④等待救援,④③①② | ①②③④ | ③②①④ | ②③①④,题库缺图,1,q_sn6sKT2xXKgZ,,
1311,驾驶机动车在高速公路要按照限速标志标明的车速行驶。,正确 | 错误,题库缺图,1,q_p2z5yIdUIZQz,,
1312,驾驶机动车时，为了应对行车中车辆故障，应熟知警告标志存放位置。,正确 | 错误,题库缺图,1,q_P89mfxSkR4aQ,,
1313,驾驶机动车经过图中绿灯亮的路口时，可以直接通过。,正确 | 错误,题库缺图,1,q_GspGh19K_HDb,,
1314,驾驶机动车跨越双实线行驶属于什么行为？,违章行为 | 违法行为 | 过失行为 | 违规行为,题库缺图,1,q_W7fFLex7NnqW,,
1315,驾驶机动车载运爆炸物品，新规题未悬挂警示标志并采取必要的安全措施的，一次记12分。,正确 | 错误,题库缺图,1,q_jk8G0Nm2thkA,,
1316,驾驶机动车载运爆炸物品，未悬挂警示标志并采取必要的安全措施的，一次记12分。,正确 | 错误,题库缺图,1,q_OQBSxYXdUYYb,,
1317,驾驶机动车运载超限的不可解体的物品，未按指定的时间、路线、速度行驶或者未悬挂警示标志的，一次记3分。,正确 | 错误,题库缺图,1,q_C7UYfE1yd-eH,,
1318,驾驶机动车运载超限的不可解体的物品，未按指定的时间、路线、速度行驶或者未悬挂警示标志的，一次记几分？,3分 | 6分 | 9分 | 12分,题库缺图,1,q_AtuY7mC2ZTab,,
1319,驾驶机动车违反禁令标志、标线指示的，会被一次记多少分？,12分 | 3分 | 1分 | 6分,题库缺图,1,q_pqhc7qfk_4uj,,
1320,驾驶机动车违反禁令标志、禁止标线指示的，一次记6分。,正确 | 错误,题库缺图,1,q_713GqnLKnl6z,,
1321,驾驶机动车违反禁令标志、禁止标线指示的，一次记多少分？,12分 | 3分 | 1分 | 6分,题库缺图,1,q__WsNW15FIHCN,,
1322,驾驶机动车通过有交通信号灯控制的交叉路口，以下做法错误的是什,遇放行信号时，依次通过 | 向右转弯时开启右转向灯 | 黄灯亮起时应加速通过 | 向左转弯时，靠路口中心点左侧转弯,题库缺图,1,q_sk0RCtZ8STsi,,
1323,驾驶机动车通过有交通信号灯控制的交叉路口，以下做法错误的是什么？,遇放行信号时，依次通过 | 向右转弯时开启右转向灯 | 黄灯亮起时应加速通过 | 向左转弯时，靠路口中心点左侧转弯,题库缺图,1,q_OKWtRJ2Ga-2-,,
1324,驾驶机动车通过有注意落石标志的路段时，应谨慎驾驶，避免停车。,正确 | 错误,题库缺图,1,q_8ZMFpGp4Autu,,
1325,驾驶机动车遇人行横道处有行人违反信号灯通行时，为提示行人和非机动车，应连续鸣喇叭催促、加速绕过。,正确 | 错误,题库缺图,1,q_LUm8gHUtix5q,,
1326,驾驶机动车遇到这个标志，驾驶人应意识到前方存在高速公路服务区。,正确 | 错误,题库缺图,1,q_yHewaMydkaLu,,
1327,驾驶机动车遇前方停有开启危险报警闪光灯和打开停车指示标志的校车时，不得超车。,正确 | 错误,题库缺图,1,q_kdoxHBJw5vuZ,,
1328,驾驶机动车驶出地下车库时，应按照导向箭头的方向行驶，不得逆行。,正确 | 错误,题库缺图,1,q_1OxYNfPx4ljd,,
1329,驾驶机动车驶出地下车库时，应断按照导向箭头的方向行驶，不得逆行。,正确 | 错误,题库缺图,1,q_Yu99onKjJq8_,,
1330,驾驶证代号为C2的，可以驾驶下图所示车辆。,正确 | 错误,题库缺图,1,q_zKxJUNvZOrOV,,
1331,驾驶证代号为C2的，可以驾驶断下图所示车辆。,正确 | 错误,题库缺图,1,q_jNSkWNRPiP6F,,
1332,驾驶证准驾车型代号为C1的可以驾驶下图所示车辆。,正确 | 错误,题库缺图,1,q_1ozjda5YUiXp,,
1333,驾驶车辆经图中漫水路时，应当停车察明水情，确认安全后，低速通过。,正确 | 错误,题库缺图,1,q_YaKbPfteA3Uf,,
1334,驾驶车辆遇到图中这种情形时应连续大声鸣笛催促前方行人。,正确 | 错误,题库缺图,1,q_daVcI0rFpoFX,,
1335,驾驶这种机动车上路没有违法行为。,正确 | 错误,题库缺图,1,q_s6vaL-oEobZI,,
1336,驾驶这种机动车上路行驶属于什么行为？,违规行为 | 违章行为 | 违法行为 | 犯罪行为,题库缺图,1,q_D4_xiXXCKpo4,,
1337,驾驶这种机动车上路行驶没有违法行为。,正确 | 错误,题库缺图,1,q_2uEcM9vSa3Ld,,
1338,驾驶这种机动车上路行驶的做法，是一种轻微的违规行为。,正确 | 错误,题库缺图,1,q_q4lO4q_iXjPr,,
1339,驾驶这种自学直考机动车上路学习驾驶需要符合什么条件？,学 | 有随车人员指导 | 取得学习驾驶证明 | 符合自学直考规定,题库缺图,1,q_8AwBw5jHm756,,
1340,高速公路上车辆发生故障后，开启危险报警闪光灯和摆放警告标志是为了向其他车辆求助。,正确 | 错误,题库缺图,1,q_XnwTWkoVSYe9,,
1341,高速公路上车辆发生故障后，开启危险报警闪光灯和摆放警告标志的作用是警告后续车辆注意避让。,正确 | 错误,题库缺图,1,q_N4Lwp2l6-Ztp,,
1342,黄色闪光警告信号灯持续闪烁警示驾驶人要注意瞭望，确认安全通过。,正确 | 错误,题库缺图,1,q_HhwVE29_dPUr,,
1343,黄色闪光警告信号灯持续闪烁，警示驾驶人要注意瞭望，确认安全通过。,正确 | 错误,题库缺图,1,q_2oQcDYhFshEB,,
1344,黄色闪光警告信号灯，表示机动车可以在确认安全后通过。,正确 | 错误,题库缺图,1,q_kco9BrFSgLR_,,
